readname	contig	position	leader_start	adapter_start	mod_start	polya_start	transcript_start	read_rate	polya_length	qc_tag	mod_qc_tag	mod_length
5ac17d5d-d35a-45a2-b223-17223b998b38	mRNA-1273	11	2.0	3.0	4910.0	5057.0	7577.0	125.50	99.96	PASS	CUAG	1.1
e9efb6a0-dcef-4cbc-9af7-1cfd1a26cd84	mRNA-1273	11	2.0	3.0	364.0	2356.0	2651.0	111.56	5.89	PASS	CUAG	68.7
02c2f57c-2d75-4bc4-9981-e27f46cfd22d	mRNA-1273	11	2.0	3.0	4590.0	4782.0	6964.0	115.85	78.88	SUFFCLIP	CUAG	2.3
3736a349-552b-4be2-a032-c5927d251b21	mRNA-1273	13	8.0	196.0	349.0	7301.0	7824.0	100.40	12.40	PASS	CUAG	226.7
5da4ed98-c74a-4062-922d-f5baa8865922	mRNA-1273	12	2.0	3.0	4822.0	5010.0	7739.0	125.50	108.67	SUFFCLIP	CUAG	2.8
12aee467-6639-4ca0-bfb9-e48c0799902e	mRNA-1273	13	2.0	6.0	1040.0	2649.0	2870.0	91.27	1.67	PASS	CUAG	43.7
ff7c0bcb-b2a7-4fc1-aa2a-e3e7ab267377	mRNA-1273	11	2.0	3.0	6837.0	6837.0	10600.0	111.56	134.33	SUFFCLIP	NONE	0.0
cd18e6da-a82c-418a-b296-3a03ee1ccd88	mRNA-1273	11	2.0	3.0	4441.0	4634.0	7186.0	120.48	97.04	PASS	CUAG	2.7
92d9f1b7-c391-46da-b201-b0418dc3e04d	mRNA-1273	11	2.0	3.0	5638.0	5778.0	9575.0	115.85	141.00	PASS	CUAG	0.3
eb4b3b85-9719-43b2-9202-2516bb2679a6	mRNA-1273	11	2.0	3.0	5923.0	6083.0	8985.0	115.85	106.58	SUFFCLIP	CUAG	1.1
118ed23a-e99f-420f-9fca-be7d11a5e3f5	mRNA-1273	12	2.0	3.0	8089.0	8089.0	10911.0	103.86	92.28	SUFFCLIP	NONE	0.0
46cf0ea1-d47f-4f38-8018-4d2beeaffd72	mRNA-1273	12	322.0	757.0	4224.0	4224.0	5331.0	103.86	33.14	PASS	NONE	0.0
667263ab-e882-4f08-8055-105d74e82100	mRNA-1273	189	63.0	73.0	490.0	1909.0	2020.0	136.91	0.00	PASS	CUAG	59.5
93dd266a-a2fa-4f1e-abd1-eb998907ff59	mRNA-1273	12	2.0	3.0	8264.0	8348.0	12501.0	91.27	120.82	SUFFCLIP	CUAG	0.0
073ecd59-89db-4ca3-92a0-2072b4ac77f2	mRNA-1273	79	2.0	3.0	35.0	4361.0	4976.0	100.40	15.47	PASS	CUAG	139.2
daa01103-1e74-435c-a42c-4a7558f6b1bb	mRNA-1273	13	4.0	5.0	8005.0	8118.0	11639.0	103.86	116.38	SUFFCLIP	CUAG	0.0
7e347e56-dfa2-4b6d-834d-d6106b0e9627	mRNA-1273	80	3.0	145.0	280.0	869.0	1059.0	100.40	1.30	PASS	CUAG	14.6
9c1261ac-c8c1-4b35-9388-400b3f4a77e7	mRNA-1273	15	2.0	3.0	5025.0	5208.0	10725.0	91.27	162.15	PASS	CUAG	0.5
5583e0cf-9cfa-4892-9bc2-88c508e7cfe7	mRNA-1273	16	18.0	295.0	437.0	561.0	634.0	100.40	0.00	SUFFCLIP	CUAG	0.0
f5461c45-afdf-4729-8a19-b84e26bbb9e3	mRNA-1273	168	2.0	3.0	3334.0	4353.0	7244.0	111.56	102.04	SUFFCLIP	CUAG	32.7
8b9b5507-ce99-4438-a1c8-996272a619d9	mRNA-1273	266	159.0	327.0	3931.0	4088.0	7464.0	115.85	124.81	SUFFCLIP	CUAG	1.0
c726f977-3c45-4bad-8cb5-074e2ce7e63a	mRNA-1273	189	300.0	595.0	7993.0	8197.0	10669.0	100.40	77.37	PASS	CUAG	1.8
42e501c6-91ec-4855-bc58-b01e452f5a2e	mRNA-1273	493	2.0	3.0	4844.0	5003.0	7711.0	125.50	107.79	SUFFCLIP	CUAG	1.6
cc5fa56c-b378-4e4d-b017-5c4749018dc4	mRNA-1273	384	218.0	477.0	5510.0	5510.0	8842.0	115.85	123.12	SUFFCLIP	NONE	0.0
303fec3a-989c-481d-ad67-98f6dcee9cb5	mRNA-1273	272	376.0	1152.0	8333.0	8462.0	11063.0	103.86	84.66	PASS	CUAG	0.0
c8c747c2-a526-476b-bf58-efb947d8c9e4	mRNA-1273	294	2.0	3.0	7573.0	7702.0	10165.0	103.86	79.90	PASS	CUAG	0.0
da14ed6f-f3cc-41a8-bf0b-db84c174b2d5	mRNA-1273	618	2.0	3.0	6352.0	6434.0	8780.0	120.48	88.80	SUFFCLIP	CUAG	0.0
adbf0542-e670-4ebf-aa5c-7b47ceb09f24	mRNA-1273	492	2.0	3.0	9986.0	10225.0	13168.0	100.40	93.07	ADAPTER	CUAG	2.9
c239c346-f24f-440b-9225-2377fdbad1b0	mRNA-1273	694	2.0	3.0	6812.0	6997.0	13965.0	120.48	273.68	SUFFCLIP	CUAG	2.4
43c04acf-d7fa-4dbc-a115-60f752b2de8d	mRNA-1273	495	2.0	3.0	9082.0	9246.0	12505.0	100.40	103.60	ADAPTER	CUAG	0.4
db7ff9a5-fbe1-450c-bc1e-cc92369251ae	mRNA-1273	879	2.0	3.0	5723.0	5936.0	8744.0	120.48	107.28	SUFFCLIP	CUAG	3.5
739afff6-d9d5-4866-a5f0-cd632c316e1e	mRNA-1273	985	2.0	3.0	4.0	145.0	285.0	97.16	0.00	NOREGION	CUAG	0.0
cd42c192-4508-44c1-be43-572dc6f609a4	mRNA-1273	713	2.0	3.0	6019.0	6019.0	9157.0	100.40	99.57	PASS	NONE	0.0
5dd77562-cdb4-4e73-95f1-872c23af35bf	mRNA-1273	1260	2.0	3.0	3696.0	3696.0	6148.0	130.96	101.57	SUFFCLIP	NONE	0.0
d3d4de0b-3283-40a2-ad17-83533f0290a7	mRNA-1273	927	120.0	471.0	6797.0	6797.0	9945.0	107.57	107.39	PASS	NONE	0.0
e7a2f46c-86fb-4931-a758-50fdd6a04274	mRNA-1273	1083	2.0	3.0	9916.0	10145.0	13707.0	100.40	113.70	ADAPTER	CUAG	2.6
8d925088-d7d2-4414-8b98-d644830f943c	mRNA-1273	983	2.0	3.0	8182.0	8375.0	11140.0	100.40	87.13	SUFFCLIP	CUAG	1.4
00b1db53-49d1-42ca-b2c8-3ea31bd772b5	mRNA-1273	1098	2.0	3.0	3942.0	3942.0	7435.0	111.56	124.33	PASS	NONE	0.0
2e25bfe1-650c-419d-b704-1a197c7ca042	mRNA-1273	1307	2.0	3.0	5339.0	5339.0	7752.0	115.85	87.77	PASS	NONE	0.0
bc89b962-051c-40fb-8eea-4002ad569e78	mRNA-1273	1317	2.0	3.0	5192.0	5340.0	7832.0	120.48	94.64	SUFFCLIP	CUAG	0.9
2047ac01-e674-40bd-a438-6903615aa378	mRNA-1273	1392	2.0	3.0	5089.0	5263.0	7850.0	115.85	94.46	SUFFCLIP	CUAG	1.7
80872cbb-8312-4a57-bfba-a2f3556c82ef	mRNA-1273	1094	2.0	3.0	5862.0	6102.0	9327.0	91.27	92.70	SUFFCLIP	CUAG	2.2
9906d86d-6f80-40e4-9ef3-e33dadd94fab	mRNA-1273	1392	3.0	4.0	7460.0	7622.0	10549.0	97.16	89.39	SUFFCLIP	CUAG	0.2
93c1ca1b-627e-4504-94ee-2e1c7f815962	mRNA-1273	1460	3.0	4.0	4351.0	4487.0	7736.0	120.48	124.92	SUFFCLIP	CUAG	0.4
b9e31aaa-5fc0-4b32-9e31-5eadbb96cbd1	mRNA-1273	1449	2.0	3.0	4902.0	4902.0	9220.0	107.57	149.18	PASS	NONE	0.0
18e4afe0-f699-4a1b-9481-8688fec64983	mRNA-1273	1478	2.0	3.0	7310.0	7310.0	9936.0	107.57	88.75	SUFFCLIP	NONE	0.0
b4be8269-07ad-482f-bf17-0616c01e9fb4	mRNA-1273	1531	2.0	3.0	6821.0	6821.0	9832.0	91.27	86.21	PASS	NONE	0.0
fb5912e7-1f3c-4d37-8035-365dd5503282	mRNA-1273	1617	2.0	3.0	5308.0	5308.0	8146.0	120.48	108.48	PASS	NONE	0.0
633bd1cf-f0b3-4cf2-9966-dfadb7f0cae4	mRNA-1273	1639	2.0	3.0	5031.0	5031.0	7197.0	111.56	75.19	SUFFCLIP	NONE	0.0
5daa46d3-3d13-4ad8-adc5-742494f0c534	mRNA-1273	1611	245.0	768.0	4967.0	4967.0	7077.0	111.56	73.11	SUFFCLIP	NONE	0.0
79cc6cdf-0a4c-4e61-8642-62656156d4dd	mRNA-1273	1644	269.0	697.0	6189.0	6417.0	8988.0	111.56	90.19	SUFFCLIP	CUAG	3.4
408dea7d-bd0e-4e96-99ad-745e667f83db	mRNA-1273	1659	2.0	3.0	5785.0	5912.0	9793.0	100.40	124.33	PASS	CUAG	0.0
dff4cba6-735d-4e68-9b58-4b67b18984a8	mRNA-1273	1710	12.0	22.0	26.0	2012.0	2542.0	100.40	12.63	NOREGION	CUAG	0.0
b6a0684b-9403-4804-94bd-76dfc87b6b9b	mRNA-1273	1697	2.0	3.0	6244.0	6426.0	8879.0	107.57	82.57	SUFFCLIP	CUAG	1.5
4e3acac6-999b-4730-80ce-a86daf5353ea	mRNA-1273	1716	2.0	3.0	7376.0	7690.0	11028.0	111.56	118.59	SUFFCLIP	CUAG	6.6
21f21a42-21aa-4931-a130-c3f5edac40b1	mRNA-1273	1894	3.0	4.0	5.0	1152.0	1605.0	111.56	11.74	NOREGION	CUAG	0.0
9dc294bd-3b3c-48de-8c90-8f94ef70cc06	mRNA-1273	1744	2.0	3.0	4211.0	4358.0	8059.0	107.57	127.14	PASS	CUAG	0.2
dbe41a18-46b9-49bc-ba85-0991f01948b8	mRNA-1273	1698	2.0	3.0	10474.0	10567.0	13135.0	94.12	75.22	ADAPTER	CUAG	0.0
e313e813-94e3-4436-a77a-b649199165fb	mRNA-1273	1856	2.0	3.0	3861.0	3861.0	7025.0	94.12	93.84	SUFFCLIP	NONE	0.0
5575e2c5-75d9-41d1-a208-44b027629c8e	mRNA-1273	1964	208.0	412.0	4387.0	4576.0	7431.0	120.48	109.16	SUFFCLIP	CUAG	2.5
e358b17f-e8c1-4c9f-af10-e474211fded8	mRNA-1273	1962	2.0	3.0	7166.0	7166.0	10338.0	107.57	108.25	SUFFCLIP	NONE	0.0
e86e06c4-75f1-4d77-82f2-b7b5e77f5c60	mRNA-1273	1833	2.0	3.0	6522.0	6708.0	9509.0	111.56	98.70	SUFFCLIP	CUAG	1.9
5192d4eb-db01-4134-b92f-d5d16a3c3b9a	mRNA-1273	1968	2.0	3.0	8258.0	8379.0	11038.0	100.40	83.60	PASS	CUAG	0.0
aef7ed76-94d9-42a9-b864-4b45529a9a72	mRNA-1273	1968	2.0	3.0	6825.0	7004.0	9719.0	130.96	113.00	SUFFCLIP	CUAG	2.7
8f99daba-1d40-4e7d-80a5-5bf491fe4b80	mRNA-1273	1985	2.0	3.0	3699.0	3765.0	5176.0	107.57	45.36	SUFFCLIP	CUAG	0.0
3cbe8d3b-3e5f-4731-a69f-4c7fec558f58	mRNA-1273	1983	2.0	3.0	6537.0	6722.0	9920.0	103.86	105.24	PASS	CUAG	1.3
6efde273-8448-4f79-8c9a-9608dab4df0c	mRNA-1273	2057	149.0	1817.0	2326.0	3698.0	3940.0	86.06	1.89	PASS	CUAG	34.2
15ae4c68-d24f-499a-a4db-4e7394f056fc	mRNA-1273	2010	2.0	3.0	5334.0	5442.0	8008.0	111.56	90.00	SUFFCLIP	CUAG	0.0
e38aeca8-e004-4581-84ad-50a5b6401649	mRNA-1273	1891	286.0	559.0	5855.0	6036.0	9580.0	111.56	126.22	SUFFCLIP	CUAG	1.7
c99d8c11-293d-4907-9868-1ada167a5345	mRNA-1273	1970	2.0	3.0	6101.0	6331.0	10122.0	88.59	106.47	SUFFCLIP	CUAG	1.7
6d0c9ffc-5a54-4cf8-b275-f5796b634be1	mRNA-1273	2055	2.0	3.0	4870.0	4972.0	7219.0	100.40	69.87	SUFFCLIP	CUAG	0.0
66a82b71-53e6-43de-9d1f-454dca7c5300	mRNA-1273	1987	2.0	3.0	8679.0	8679.0	11907.0	103.86	106.28	SUFFCLIP	NONE	0.0
37e8d8c6-3e72-4a98-8303-1e8ad4f8fe22	mRNA-1273	1991	2.0	3.0	8595.0	8729.0	12359.0	91.27	104.97	SUFFCLIP	CUAG	0.0
7677993d-80af-4764-bbb7-659ac0d5a108	mRNA-1273	2073	2.0	3.0	4463.0	4592.0	7387.0	125.50	111.42	SUFFCLIP	CUAG	0.3
2c404149-c7aa-4184-bbdb-412adf06a081	mRNA-1273	2104	2.0	3.0	5113.0	5326.0	8877.0	120.48	137.00	SUFFCLIP	CUAG	3.5
f993bfa4-8155-4767-8639-0bf3dc344efb	mRNA-1273	2104	4.0	5.0	5170.0	5170.0	7612.0	125.50	96.71	SUFFCLIP	NONE	0.0
ae6a561a-09df-47ab-847a-82bab87bf27c	mRNA-1273	2073	3.0	4.0	7752.0	7939.0	10696.0	115.85	101.00	SUFFCLIP	CUAG	2.2
15947ee2-c86f-4c24-9bdd-18280e1b9848	mRNA-1273	2081	2.0	3.0	9583.0	9721.0	12846.0	103.86	102.72	ADAPTER	CUAG	0.0
237c864a-1dce-4d49-8ab3-cb79e58a88cf	mRNA-1273	2148	2.0	3.0	5676.0	5791.0	8308.0	125.50	99.83	SUFFCLIP	CUAG	0.0
02003b6e-0085-4b79-805c-57a696afbcce	mRNA-1273	2055	214.0	455.0	4308.0	4432.0	7360.0	115.85	107.58	SUFFCLIP	CUAG	0.0
b5488493-c11d-42a7-b802-913e7215ad57	mRNA-1273	2073	2.0	3.0	6238.0	6434.0	10210.0	91.27	109.39	SUFFCLIP	CUAG	0.9
4acb2cd7-e670-40f0-9483-b131c69abfd4	mRNA-1273	2112	2.0	3.0	6543.0	8051.0	9554.0	103.86	46.79	PASS	CUAG	47.0
22082c39-ad1d-493d-93bd-0057118bac91	mRNA-1273	2120	2.0	3.0	9366.0	9490.0	12428.0	107.57	99.89	ADAPTER	CUAG	0.0
915c58c9-0bc2-4d33-9563-c528c6bc25fc	mRNA-1273	2162	143.0	439.0	6985.0	7188.0	10559.0	107.57	115.36	SUFFCLIP	CUAG	2.2
bbdcec3f-349f-481c-9ce4-53a5537c533d	mRNA-1273	2227	336.0	649.0	8481.0	8622.0	11517.0	120.48	110.76	ADAPTER	CUAG	0.6
2c8dce4f-4c0b-4663-b949-37740745bd81	mRNA-1273	2236	172.0	323.0	5582.0	5683.0	8128.0	125.50	96.83	PASS	CUAG	0.0
9fbdc019-4840-43ce-9ca1-64239562c0f1	mRNA-1273	2171	2.0	3.0	3913.0	4253.0	6894.0	111.56	92.78	SUFFCLIP	CUAG	7.6
acac7712-9582-408d-af96-3cd43163a69e	mRNA-1273	2226	2.0	3.0	8737.0	8918.0	11188.0	107.57	76.04	ADAPTER	CUAG	1.4
f7962ae3-c83e-4fac-b419-47b332a80054	mRNA-1273	2336	2.0	3.0	4943.0	5130.0	8367.0	136.91	142.09	SUFFCLIP	CUAG	3.5
63ded21a-927d-465d-8120-4dd11fffe044	mRNA-1273	2358	2.0	3.0	4247.0	4411.0	6690.0	120.48	86.12	SUFFCLIP	CUAG	1.5
9c40bb29-599c-426d-9e2f-808d8accfbbd	mRNA-1273	2324	2.0	3.0	4462.0	4736.0	7696.0	125.50	118.29	PASS	CUAG	6.4
3759a6bd-e8bf-4f0b-8e92-d2875b593710	mRNA-1273	2236	2.0	3.0	5283.0	12607.0	16508.0	125.50	157.50	SUFFCLIP	CUAG	300.1
1f30493f-df47-4987-9aa1-ef37413370b8	mRNA-1273	2392	2.0	3.0	4884.0	5055.0	7982.0	111.56	103.37	SUFFCLIP	CUAG	1.3
73566a7a-6d40-4160-bc6a-e978527fdb14	mRNA-1273	2448	2.0	3.0	5186.0	5397.0	8488.0	107.57	105.36	PASS	CUAG	2.5
4041916b-96f5-4c45-b420-47ce52d106e7	mRNA-1273	2318	2.0	3.0	4386.0	4478.0	6987.0	120.48	95.32	SUFFCLIP	CUAG	0.0
ecd85ce7-d840-4e35-960e-7b1f5f960fa9	mRNA-1273	2355	2.0	3.0	9621.0	9787.0	12640.0	91.27	81.42	SUFFCLIP	CUAG	0.0
9e5ceb13-1480-4d60-85c3-7d6b80519355	mRNA-1273	2363	2.0	3.0	6611.0	6878.0	10544.0	107.57	125.89	SUFFCLIP	CUAG	4.5
deaf5e19-0a01-452b-8bda-af6ffe47b4b3	mRNA-1273	2598	2.0	3.0	5053.0	5211.0	7766.0	120.48	97.16	SUFFCLIP	CUAG	1.3
c8bd8faf-13f9-4b72-adfd-190029043394	mRNA-1273	2463	2.0	3.0	9426.0	9554.0	14420.0	91.27	142.42	SUFFCLIP	CUAG	0.0
1a671a9b-e138-4404-9126-29338e2cc867	mRNA-1273	2559	3.0	4.0	8287.0	8435.0	11674.0	103.86	106.66	SUFFCLIP	CUAG	0.1
b3cf0489-571d-4062-bd48-bd67cec8711d	mRNA-1273	2589	2.0	3.0	6049.0	6165.0	9589.0	115.85	126.65	SUFFCLIP	CUAG	0.0
09d2f29a-ece1-4257-9d32-4ddde212b90e	mRNA-1273	2676	2.0	3.0	4942.0	5052.0	7632.0	111.56	90.52	SUFFCLIP	CUAG	0.0
ec1d722f-aba7-4b8e-ae79-901d1ea8fa22	mRNA-1273	2755	177.0	334.0	5540.0	5540.0	7927.0	125.50	94.42	SUFFCLIP	NONE	0.0
69151583-6500-46a1-975b-907a2dcf06ac	mRNA-1273	2771	3.0	4.0	4980.0	5086.0	8047.0	120.48	113.40	SUFFCLIP	CUAG	0.0
3cb672f8-0441-4507-87f7-af7308bd6a4c	mRNA-1273	2751	320.0	593.0	6793.0	6860.0	10669.0	94.12	114.00	SUFFCLIP	CUAG	0.0
ad717fb5-bc79-48ae-83ef-6b8bfcba5daf	mRNA-1273	2691	2.0	3.0	10147.0	10338.0	12709.0	100.40	74.00	ADAPTER	CUAG	1.3
06b3dcd0-26f2-48a5-87bb-23198f8b4ea7	mRNA-1273	2768	2.0	3.0	6752.0	6948.0	9507.0	100.40	80.27	PASS	CUAG	1.5
0ecf9286-cc4e-429b-a8c4-24187f4ab9ff	mRNA-1273	2775	2.0	3.0	8961.0	9077.0	11714.0	107.57	89.14	ADAPTER	CUAG	0.0
4857eb0e-fbf4-44c1-b97a-55edddf65b15	mRNA-1273	2775	3.0	4.0	5852.0	5970.0	8704.0	107.57	92.61	SUFFCLIP	CUAG	0.0
b854c399-1637-46b2-940c-b82f2f83e9f5	mRNA-1273	2742	2.0	3.0	3638.0	3727.0	6873.0	120.48	120.80	SUFFCLIP	CUAG	0.0
80b45e48-7110-4c46-bad5-e9dbe19a4731	mRNA-1273	2737	2.0	3.0	5985.0	6083.0	9615.0	103.86	116.76	SUFFCLIP	CUAG	0.0
adc475c1-d5fa-4539-b98b-f448c56be11b	mRNA-1273	2775	2.0	3.0	5919.0	6076.0	9064.0	120.48	114.48	SUFFCLIP	CUAG	1.2
890d24b6-70e0-468b-a1a4-e2e667724461	mRNA-1273	2784	2.0	3.0	6119.0	6280.0	8716.0	107.57	81.96	PASS	CUAG	0.7
97db66cb-c0f9-4954-9d3a-02bb82799bb1	mRNA-1273	2784	2.0	3.0	6497.0	6671.0	9462.0	120.48	106.60	SUFFCLIP	CUAG	1.9
d3755270-3d35-416d-a884-d45e598c3d0a	mRNA-1273	2775	2.0	3.0	6569.0	6765.0	9472.0	111.56	95.22	SUFFCLIP	CUAG	2.2
9d82533a-f626-4105-b41c-b65ad810c00a	mRNA-1273	2775	2.0	3.0	5105.0	5285.0	9430.0	88.59	116.88	SUFFCLIP	CUAG	0.3
04876550-8203-4de7-9f28-46d04b84b650	mRNA-1273	2788	163.0	747.0	5536.0	5710.0	9278.0	107.57	122.39	PASS	CUAG	1.2
1b075be9-588f-454a-8fb8-bcec75eafb0b	mRNA-1273	2805	2.0	3.0	5502.0	5665.0	8487.0	120.48	107.84	SUFFCLIP	CUAG	1.5
e934a3d3-3343-4922-b467-08667e875e87	mRNA-1273	2795	2.0	3.0	6620.0	6813.0	9847.0	107.57	103.32	SUFFCLIP	CUAG	1.9
3f527875-46a7-42b6-ab44-5e8d1141b1f6	mRNA-1273	2805	2.0	3.0	6499.0	6612.0	9362.0	100.40	86.63	PASS	CUAG	0.0
a9f66723-0f1f-4de5-8ae3-113a62853d53	mRNA-1273	2784	2.0	3.0	6467.0	6674.0	10297.0	100.40	115.73	SUFFCLIP	CUAG	1.9
a0c92120-53e6-44cd-b54f-2239f009b7a6	mRNA-1273	2806	2.0	3.0	7264.0	7468.0	10216.0	103.86	89.72	PASS	CUAG	2.0
e8130ffd-1f66-47ab-9bf9-06721003c78c	mRNA-1273	2809	2.0	3.0	6218.0	6366.0	9239.0	120.48	109.88	SUFFCLIP	CUAG	0.9
53a18a04-b164-4058-a83d-034185d50bd8	mRNA-1273	2775	2.0	3.0	5429.0	5595.0	12866.0	115.85	274.62	PASS	CUAG	1.3
be4dfc75-d687-4efc-9e3e-a4bd1eba3b12	mRNA-1273	2810	2.0	3.0	6438.0	6438.0	9190.0	111.56	96.89	PASS	NONE	0.0
d017a6dd-d6da-4720-b1c7-a6b42f69455b	mRNA-1273	2849	2.0	3.0	4292.0	4472.0	7087.0	125.50	103.92	SUFFCLIP	CUAG	2.5
d8af274c-c46e-43d4-91ea-077a07c86200	mRNA-1273	2816	2.0	3.0	7098.0	7327.0	10791.0	111.56	123.26	SUFFCLIP	CUAG	3.4
3d453f45-9254-4226-be9d-af98c767e399	mRNA-1273	2864	2.0	3.0	4540.0	4670.0	6618.0	103.86	62.14	PASS	CUAG	0.0
be125fb2-7ea4-47dd-85ea-6b0b624334f7	mRNA-1273	2810	2.0	3.0	5252.0	5490.0	10138.0	77.23	114.15	SUFFCLIP	CUAG	1.1
8ae6e4e4-2bab-4f5b-90e9-d8611cce8398	mRNA-1273	2913	2.0	3.0	6426.0	6426.0	10607.0	100.40	134.33	PASS	NONE	0.0
73214bbb-2982-4a3b-9a0c-79569c281b09	mRNA-1273	2913	2.0	3.0	6746.0	6974.0	11614.0	94.12	139.97	SUFFCLIP	CUAG	2.1
b138d7cd-62ef-4353-b9a5-512c31ad3c0c	mRNA-1273	2906	246.0	645.0	6612.0	6809.0	9490.0	100.40	84.33	SUFFCLIP	CUAG	1.5
75838cf2-3421-4f68-8286-a655f3449d2c	mRNA-1273	2931	2.0	3.0	7581.0	7792.0	10036.0	100.40	69.77	SUFFCLIP	CUAG	2.0
c2dd77e2-e050-4548-9c41-126c9e8c536c	mRNA-1273	2946	2.0	3.0	4399.0	4494.0	7223.0	120.48	104.12	SUFFCLIP	CUAG	0.0
b5ff239b-7e8b-4964-83b9-00b176e512ec	mRNA-1273	2924	2.0	3.0	6205.0	6320.0	9588.0	100.40	103.90	PASS	CUAG	0.0
72ec6128-364c-4666-97b4-2793192bdd35	mRNA-1273	2952	2.0	3.0	5491.0	5682.0	8489.0	111.56	98.93	PASS	CUAG	2.0
48154830-0582-48fa-a537-f624054a3e38	mRNA-1273	2957	2.0	3.0	8036.0	8215.0	11130.0	100.40	92.13	PASS	CUAG	0.9
ec290674-1ace-4578-b5c1-686a9fc27504	mRNA-1273	2949	259.0	615.0	5458.0	5611.0	10590.0	111.56	179.37	SUFFCLIP	CUAG	0.6
27fe021d-0660-438a-9458-94734f11f5c4	mRNA-1273	2976	2.0	3.0	12087.0	12342.0	15169.0	107.57	95.93	ADAPTER	CUAG	4.1
5de12b2e-2349-4fff-9d07-808f1a21b171	mRNA-1273	2988	2.0	3.0	5065.0	5065.0	8056.0	115.85	110.00	PASS	NONE	0.0
b530f484-3ddf-48db-ae9c-d12d07b16496	mRNA-1273	3062	2.0	3.0	8143.0	8289.0	12115.0	111.56	136.67	ADAPTER	CUAG	0.4
c4f43746-b8ab-43ca-99ec-449a3fd0d80f	mRNA-1273	3069	206.0	657.0	8514.0	8726.0	11539.0	97.16	85.71	PASS	CUAG	1.8
76ed41b5-4415-41a0-aa7c-57325dc80bfe	mRNA-1273	3005	188.0	542.0	8882.0	9100.0	13280.0	107.57	144.25	SUFFCLIP	CUAG	2.7
e952f922-f8ae-476d-ab81-5e99c2f100b9	mRNA-1273	3080	2.0	3.0	8041.0	8228.0	11196.0	103.86	97.31	SUFFCLIP	CUAG	1.4
f0ea3586-197d-4fdb-8268-6e43dbbbb7b1	mRNA-1273	3052	2.0	3.0	5927.0	6169.0	10283.0	100.40	132.10	PASS	CUAG	3.0
40b52efe-043a-43e0-b928-8f3b20609f1b	mRNA-1273	3267	2.0	3.0	11098.0	11284.0	14757.0	91.27	100.21	ADAPTER	CUAG	0.6
75349079-c8c9-47ef-b463-797f289c13ab	mRNA-1273	3366	2.0	3.0	5217.0	5366.0	7910.0	100.40	79.77	PASS	CUAG	0.0
a2389bde-758f-420a-8d3f-727b3781b271	mRNA-1273	3422	2.0	3.0	6417.0	6606.0	10263.0	97.16	112.94	SUFFCLIP	CUAG	1.1
9eadbe4e-b26f-4281-b8b4-95098a4c94ce	mRNA-1273	3090	2.0	3.0	5982.0	5982.0	9695.0	107.57	127.57	PASS	NONE	0.0
72181911-063d-4c3d-b279-40b898f76d13	mRNA-1273	3084	2.0	3.0	5336.0	5498.0	7926.0	100.40	75.90	PASS	CUAG	0.4
01d2d109-1274-4ce3-906d-a642250b5ac8	unmap	4294967295	-1.0	-1.0	-1.0	-1.0	-1.00	-1.00	-1.00	READ_FAILED_LOAD	NONE	-1.00
a2388299-de6a-4e73-8c5b-909a1e234c0c	mRNA-1273	3279	2.0	3.0	7372.0	7513.0	10458.0	100.40	93.13	PASS	CUAG	0.0
23173471-7f28-4aaf-8f3a-0bc452d14ed8	mRNA-1273	3078	675.0	1338.0	14659.0	14872.0	18545.0	75.30	86.80	ADAPTER	CUAG	0.3
03c1c6b0-60b9-4411-beaa-debf5d0a3654	unmap	4294967295	-1.0	-1.0	-1.0	-1.0	-1.00	-1.00	-1.00	READ_FAILED_LOAD	NONE	-1.00
044c2b44-c4f6-45d6-9468-ba8471705c02	unmap	4294967295	-1.0	-1.0	-1.0	-1.0	-1.00	-1.00	-1.00	READ_FAILED_LOAD	NONE	-1.00
d504c788-73ed-444c-80a7-219aa5de4e65	mRNA-1273	3369	128.0	456.0	7474.0	7640.0	11037.0	100.40	108.20	PASS	CUAG	0.5
05a05d8c-9108-4be0-9cd0-d3e55abfce39	unmap	4294967295	-1.0	-1.0	-1.0	-1.0	-1.00	-1.00	-1.00	READ_FAILED_LOAD	NONE	-1.00
07fb65ec-6efc-47e6-b91e-6de127640789	unmap	4294967295	-1.0	-1.0	-1.0	-1.0	-1.00	-1.00	-1.00	READ_FAILED_LOAD	NONE	-1.00
0a9fe40d-07f6-4ba8-96b2-e5251cd95967	unmap	4294967295	-1.0	-1.0	-1.0	-1.0	-1.00	-1.00	-1.00	READ_FAILED_LOAD	NONE	-1.00
065731fd-fdd7-4f7b-94ac-0cf0bca41396	unmap	4294967295	-1.0	-1.0	-1.0	-1.0	-1.00	-1.00	-1.00	READ_FAILED_LOAD	NONE	-1.00
0c2bffe6-cfcb-45de-bf18-54eb86c77be6	unmap	4294967295	-1.0	-1.0	-1.0	-1.0	-1.00	-1.00	-1.00	READ_FAILED_LOAD	NONE	-1.00
0342b492-4ae3-422c-a03d-7ff5d35c2a55	unmap	4294967295	84.0	438.0	4183.0	4281.0	7365.0	115.85	113.58	PASS	CUAG	0.0
01f6ac53-2a17-46c3-9cbb-5d6d2e4121cc	unmap	4294967295	2.0	3.0	7347.0	7437.0	11172.0	100.40	119.47	PASS	CUAG	0.0
02c3e6c6-9217-475b-bcf9-c8d3f7d1a9e3	unmap	4294967295	-1.0	-1.0	-1.0	-1.0	-1.00	-1.00	-1.00	READ_FAILED_LOAD	NONE	-1.00
0c20c952-a22f-4cd8-8f8f-25d78d9bed2c	unmap	4294967295	2.0	3.0	4420.0	4534.0	6778.0	120.48	84.72	PASS	CUAG	0.0
0d0c4feb-8729-441c-af8b-e0ec9d93693d	unmap	4294967295	-1.0	-1.0	-1.0	-1.0	-1.00	-1.00	-1.00	READ_FAILED_LOAD	NONE	-1.00
0a339d37-c53d-4a7c-b5ad-8d13ca0a62d4	unmap	4294967295	2.0	3.0	8314.0	8537.0	12999.0	81.41	115.57	PASS	CUAG	1.0
0ef68855-7be7-4576-be17-52c47f844f0b	unmap	4294967295	2.0	3.0	353.0	353.0	687.0	136.91	10.14	PASS	NONE	0.0
05a20dae-ae45-4e1a-8bdd-9c5a110efaa8	unmap	4294967295	2.0	3.0	7779.0	7940.0	11229.0	115.85	121.46	PASS	CUAG	1.2
13201a0e-98f2-4f3c-8018-70b9665fdab1	unmap	4294967295	-1.0	-1.0	-1.0	-1.0	-1.00	-1.00	-1.00	READ_FAILED_LOAD	NONE	-1.00
137469dd-5672-46b6-b8c2-ef79c14996c3	unmap	4294967295	156.0	375.0	3245.0	3430.0	6556.0	125.50	125.21	PASS	CUAG	2.7
0c69130e-a61d-4db3-a872-e539bfb8c2ba	unmap	4294967295	2.0	3.0	5802.0	5802.0	9730.0	120.48	152.08	PASS	NONE	0.0
02d7ec53-cd2a-4e0d-ad57-725ccff2a310	unmap	4294967295	-1.0	-1.0	-1.0	-1.0	-1.00	-1.00	-1.00	READ_FAILED_LOAD	NONE	-1.00
150c1fe2-4644-4e51-b63a-b73a2b1c91c6	unmap	4294967295	-1.0	-1.0	-1.0	-1.0	-1.00	-1.00	-1.00	READ_FAILED_LOAD	NONE	-1.00
167059f8-0859-4b20-ac1e-06eb703c850e	unmap	4294967295	-1.0	-1.0	-1.0	-1.0	-1.00	-1.00	-1.00	READ_FAILED_LOAD	NONE	-1.00
0ba99f1d-a1b0-4fe6-9058-75c21bd95055	unmap	4294967295	2.0	3.0	6838.0	7031.0	8359.0	111.56	44.15	PASS	CUAG	2.1
0f26dab8-f34b-416f-96c5-1944ee3b07a0	unmap	4294967295	2.0	3.0	4852.0	5011.0	7089.0	115.85	74.88	PASS	CUAG	1.1
140b2749-7e0f-4a93-a9a1-7600d05a21cf	unmap	4294967295	2.0	3.0	8257.0	8412.0	10161.0	103.86	55.28	PASS	CUAG	0.3
17fbec87-c60f-43c3-8a63-7dc0b06e2b23	unmap	4294967295	-1.0	-1.0	-1.0	-1.0	-1.00	-1.00	-1.00	READ_FAILED_LOAD	NONE	-1.00
1392f837-4e3c-480b-a933-f0bfa70aca48	unmap	4294967295	2.0	3.0	4718.0	4911.0	7525.0	111.56	91.78	PASS	CUAG	2.1
14f93674-bf96-42c0-b2ee-8069940bbd1a	unmap	4294967295	2.0	3.0	1334.0	1837.0	1863.0	125.50	0.00	PASS	CUAG	15.9
131313f1-9829-4a0b-a2ff-6be43137f9de	unmap	4294967295	2.0	3.0	7144.0	7292.0	10965.0	120.48	141.88	PASS	CUAG	0.9
1053f715-50db-4a1b-ada4-bde638d279e0	unmap	4294967295	2.0	3.0	4337.0	4482.0	7608.0	111.56	110.74	PASS	CUAG	0.3
1e8ab726-5e19-40a7-8aea-84b77e5a326e	unmap	4294967295	-1.0	-1.0	-1.0	-1.0	-1.00	-1.00	-1.00	READ_FAILED_LOAD	NONE	-1.00
19e38fb0-b7ed-4aec-8fbe-403c4b747b0a	unmap	4294967295	2.0	61.0	311.0	1316.0	1604.0	120.48	6.48	PASS	CUAG	35.2
1caa7d90-65e6-4f91-aee9-4ae3b64f558e	unmap	4294967295	2.0	3.0	4235.0	4389.0	7108.0	125.50	108.25	PASS	CUAG	1.4
1ee2736e-adfa-4763-9520-d129fb01fa01	unmap	4294967295	-1.0	-1.0	-1.0	-1.0	-1.00	-1.00	-1.00	READ_FAILED_LOAD	NONE	-1.00
1fc76c51-6fa8-4bd9-b475-77db7db5390c	unmap	4294967295	-1.0	-1.0	-1.0	-1.0	-1.00	-1.00	-1.00	READ_FAILED_LOAD	NONE	-1.00
1f30d1ab-2efb-4db2-a75f-2f45cb69d664	unmap	4294967295	2.0	3.0	5739.0	5939.0	8373.0	100.40	76.10	PASS	CUAG	1.6
202717d4-d9be-4129-9e51-57711ee4e607	unmap	4294967295	-1.0	-1.0	-1.0	-1.0	-1.00	-1.00	-1.00	READ_FAILED_LOAD	NONE	-1.00
1b7ae797-07ac-4188-812a-0d1d4126df62	unmap	4294967295	2.0	3.0	7501.0	7629.0	10946.0	107.57	113.43	PASS	CUAG	0.0
23eba83d-0361-403a-b880-b5b7598638ab	unmap	4294967295	3.0	968.0	1000.0	3415.0	4024.0	115.85	18.38	PASS	CUAG	87.8
0f9776c4-fd39-475a-8762-920751e82fcd	unmap	4294967295	2.0	3.0	3924.0	4094.0	7334.0	107.57	110.68	PASS	CUAG	1.0
1fdd6365-2ef5-4435-a4f3-409c50b80e41	unmap	4294967295	2.0	3.0	9508.0	9622.0	12237.0	100.40	82.13	ADAPTER	CUAG	0.0
21587b15-b8be-4c43-b89f-8456440ccd76	unmap	4294967295	2.0	3.0	5445.0	5445.0	6667.0	107.57	38.61	PASS	NONE	0.0
265e1de9-c5c6-45d3-af2d-9ae2fc4276c5	unmap	4294967295	-1.0	-1.0	-1.0	-1.0	-1.00	-1.00	-1.00	READ_FAILED_LOAD	NONE	-1.00
1dd5eb20-b343-448c-a443-79f9f6538bf0	unmap	4294967295	2.0	3.0	3849.0	4006.0	6703.0	125.50	107.33	PASS	CUAG	1.5
2063a137-f407-484a-afba-048552f6b553	unmap	4294967295	2.0	3.0	8371.0	8521.0	11414.0	94.12	85.37	PASS	CUAG	0.0
18ebdc57-fb67-4c27-9565-c7e72d30abea	unmap	4294967295	-1.0	-1.0	-1.0	-1.0	-1.00	-1.00	-1.00	READ_FAILED_LOAD	NONE	-1.00
24ba693f-3df8-477d-b276-28b8a82cce05	unmap	4294967295	2.0	3.0	5708.0	5708.0	8192.0	120.48	94.32	PASS	NONE	0.0
25be4a4b-0d41-4817-91bd-4b43f338a308	unmap	4294967295	2.0	3.0	4363.0	4514.0	7363.0	115.85	104.54	PASS	CUAG	0.8
072b850f-1841-4bd1-92fb-be3d69d5c3fb	unmap	4294967295	2.0	5.0	3957.0	4104.0	6812.0	125.50	107.79	PASS	CUAG	1.1
2acf8031-c5d1-4ae9-b624-d11de75a1633	unmap	4294967295	-1.0	-1.0	-1.0	-1.0	-1.00	-1.00	-1.00	READ_FAILED_LOAD	NONE	-1.00
257131c7-6964-4730-ae55-247f7af26d70	unmap	4294967295	2.0	3.0	5473.0	5473.0	8128.0	107.57	89.79	PASS	NONE	0.0
25a47f36-af44-45d6-bf17-c22be7a0d321	unmap	4294967295	2.0	3.0	5557.0	5717.0	8146.0	111.56	84.93	PASS	CUAG	0.9
2ad50467-83d1-4f85-a90d-fe1a8e0112fb	unmap	4294967295	-1.0	-1.0	-1.0	-1.0	-1.00	-1.00	-1.00	READ_FAILED_LOAD	NONE	-1.00
2b5a2ee0-a47f-428b-90ac-0098f4c79e62	unmap	4294967295	2.0	3.0	4869.0	5020.0	7597.0	100.40	80.87	PASS	CUAG	0.0
29686a4e-3a39-4757-8fb6-21b2dfe72418	unmap	4294967295	2.0	3.0	8112.0	8276.0	11535.0	107.57	111.36	PASS	CUAG	0.8
25bcc53e-c192-4e55-bd32-7562565469c0	unmap	4294967295	5.0	15.0	332.0	332.0	532.0	120.48	2.96	PASS	NONE	0.0
2e479e12-ebce-4b59-8189-89adb030755d	unmap	4294967295	-1.0	-1.0	-1.0	-1.0	-1.00	-1.00	-1.00	READ_FAILED_LOAD	NONE	-1.00
2e0be241-db29-4411-9fab-13725f33c41b	unmap	4294967295	2.0	3.0	5635.0	5737.0	8493.0	111.56	97.04	PASS	CUAG	0.0
3185c80e-3f89-43d4-afae-255cc3a001e4	unmap	4294967295	-1.0	-1.0	-1.0	-1.0	-1.00	-1.00	-1.00	READ_FAILED_LOAD	NONE	-1.00
2c54bf31-7f56-482c-a3cb-8e839899104a	unmap	4294967295	-1.0	-1.0	-1.0	-1.0	-1.00	-1.00	-1.00	READ_FAILED_LOAD	NONE	-1.00
2cae5a36-9673-454e-92da-e8eadf013373	unmap	4294967295	2.0	3.0	4739.0	4942.0	7782.0	111.56	100.15	PASS	CUAG	2.5
326164a7-d787-44ee-8f60-5ca04b635d1b	unmap	4294967295	-1.0	-1.0	-1.0	-1.0	-1.00	-1.00	-1.00	READ_FAILED_LOAD	NONE	-1.00
324f0873-a03b-40e6-b857-ff5a9456d23a	unmap	4294967295	2.0	3.0	10436.0	10586.0	13557.0	103.86	97.41	ADAPTER	CUAG	0.1
2c411972-2ed4-4fe5-b8e3-f771b5eca785	unmap	4294967295	2.0	3.0	3764.0	3764.0	7068.0	107.57	112.96	PASS	NONE	0.0
3162eb5f-bf11-4c9c-84e7-4a6f283ca064	unmap	4294967295	110.0	348.0	9872.0	51464.0	62948.0	136.91	516.95	ADAPTER	CUAG	1885.5
34918b97-7010-49c3-9c9c-2592be8f0e37	unmap	4294967295	-1.0	-1.0	-1.0	-1.0	-1.00	-1.00	-1.00	READ_FAILED_LOAD	NONE	-1.00
3393d18f-f3c2-4168-9c76-522f613e3f90	unmap	4294967295	2.0	3.0	6735.0	6892.0	9519.0	100.40	82.53	PASS	CUAG	0.2
3433869e-1189-4893-ab2b-cc27b97ef6e8	unmap	4294967295	244.0	647.0	11219.0	11283.0	13987.0	115.85	98.96	ADAPTER	CUAG	0.0
2be7cfb8-179c-45e8-ade2-16299c88c1a8	unmap	4294967295	171.0	421.0	6234.0	6469.0	9453.0	107.57	101.54	PASS	CUAG	3.4
2c9c35cf-f8e6-44f8-bbd0-dc3fdd1ff56b	unmap	4294967295	2.0	3.0	3791.0	3891.0	6561.0	130.96	111.04	PASS	CUAG	0.0
33fbab40-59a9-4de0-9336-12d7df5bb7e0	unmap	4294967295	463.0	866.0	9675.0	9853.0	12846.0	107.57	101.86	ADAPTER	CUAG	1.3
354ff3f7-c264-4397-b72d-567d9fdbed97	unmap	4294967295	2.0	3.0	12251.0	12469.0	15708.0	97.16	99.45	ADAPTER	CUAG	2.0
316e8dd7-e1b5-4157-ae47-10f425d1a0de	unmap	4294967295	2.0	3.0	8530.0	8656.0	12972.0	136.91	191.14	ADAPTER	CUAG	0.7
32c416cd-a1f9-4427-b874-d76e972abd8a	unmap	4294967295	2.0	3.0	6072.0	6230.0	10148.0	115.85	145.65	PASS	CUAG	1.0
3839a107-5748-45cc-af6a-3cecc1101d79	unmap	4294967295	-1.0	-1.0	-1.0	-1.0	-1.00	-1.00	-1.00	READ_FAILED_LOAD	NONE	-1.00
2ee26d2b-4781-408a-b2d1-019cb23f1a2c	unmap	4294967295	2.0	3.0	5121.0	5306.0	8151.0	94.12	83.87	PASS	CUAG	0.7
3778ef13-e046-4405-a12c-82c4b4efbeb6	unmap	4294967295	2.0	3.0	4310.0	4470.0	8736.0	103.86	142.07	PASS	CUAG	0.5
36c9fe96-f1cd-4717-9e56-94521afb535c	unmap	4294967295	2.0	3.0	8663.0	8790.0	11951.0	115.85	116.54	ADAPTER	CUAG	0.0
397840e1-892a-4804-955e-94787cbeb3a0	unmap	4294967295	-1.0	-1.0	-1.0	-1.0	-1.00	-1.00	-1.00	READ_FAILED_LOAD	NONE	-1.00
375da432-93d9-4e4c-9bbe-ebf320418edb	unmap	4294967295	2.0	3.0	10892.0	11037.0	16242.0	120.48	203.16	ADAPTER	CUAG	0.8
38659886-0596-47ac-9978-079c3a41c141	unmap	4294967295	2.0	3.0	6083.0	6233.0	9305.0	103.86	100.90	PASS	CUAG	0.1
3c03e944-95b5-4b5e-b7fc-5742ed28898d	unmap	4294967295	-1.0	-1.0	-1.0	-1.0	-1.00	-1.00	-1.00	READ_FAILED_LOAD	NONE	-1.00
3470f7c4-963f-466a-9553-d6dc6d1c868c	unmap	4294967295	2.0	3.0	4002.0	4205.0	7220.0	107.57	102.64	PASS	CUAG	2.2
35a00e9b-388d-4b3a-bfeb-ed1f83cde94f	unmap	4294967295	2.0	303.0	1953.0	2489.0	2941.0	100.40	10.03	PASS	CUAG	12.8
354a1701-3b3d-44cc-891b-21f6789fc7c8	unmap	4294967295	2.0	3.0	7030.0	7030.0	10033.0	91.27	85.97	PASS	NONE	0.0
3ba3af7a-a536-439f-9e36-49e6bf463b5a	unmap	4294967295	2.0	3.0	5447.0	5583.0	8781.0	103.86	105.24	PASS	CUAG	0.0
39be9a85-0369-45c1-8b1a-c9067f0be264	unmap	4294967295	2.0	3.0	4689.0	4879.0	7527.0	115.85	96.81	PASS	CUAG	2.3
3f5bae84-7f51-41e0-96a4-2d2f8d2433a3	unmap	4294967295	-1.0	-1.0	-1.0	-1.0	-1.00	-1.00	-1.00	READ_FAILED_LOAD	NONE	-1.00
3e279370-4da8-4736-83a1-81997aef289f	unmap	4294967295	2.0	3.0	7047.0	7158.0	9840.0	125.50	106.71	PASS	CUAG	0.0
375202c3-557a-4dd3-a5f1-26f58660ee89	unmap	4294967295	2.0	3.0	5558.0	5735.0	8451.0	107.57	91.96	PASS	CUAG	1.3
4157a1e6-11b7-42c0-8a09-d0e1cf402858	unmap	4294967295	-1.0	-1.0	-1.0	-1.0	-1.00	-1.00	-1.00	READ_FAILED_LOAD	NONE	-1.00
3847e7b1-0c0a-443a-b654-b485fb7ae122	unmap	4294967295	2.0	3.0	4278.0	4491.0	7553.0	125.50	122.54	PASS	CUAG	3.8
3904dba7-2d1a-4f4a-9982-5f4bf58df091	unmap	4294967295	-1.0	-1.0	-1.0	-1.0	-1.00	-1.00	-1.00	READ_FAILED_LOAD	NONE	-1.00
3b8d992f-baee-45c7-a0fb-a38cfc3538d2	unmap	4294967295	282.0	700.0	4192.0	4325.0	7338.0	94.12	89.12	PASS	CUAG	0.0
45918990-1771-4a2f-b1da-90390e4bf08e	unmap	4294967295	5.0	16.0	20.0	355.0	429.0	120.48	0.00	NOREGION	CUAG	0.0
3ff10187-2041-4628-ab80-673f48e67bad	unmap	4294967295	-1.0	-1.0	-1.0	-1.0	-1.00	-1.00	-1.00	READ_FAILED_LOAD	NONE	-1.00
3de4dfa3-c07d-4040-a1a8-094318bdc12c	unmap	4294967295	2.0	3.0	7105.0	7105.0	10772.0	115.85	136.00	PASS	NONE	0.0
45baa664-4ffc-4ae9-9850-b5285648af01	unmap	4294967295	-1.0	-1.0	-1.0	-1.0	-1.00	-1.00	-1.00	READ_FAILED_LOAD	NONE	-1.00
3e4f8831-2c23-4a1f-85ec-54161b66d1a3	unmap	4294967295	2.0	3.0	9459.0	9615.0	12263.0	111.56	93.04	ADAPTER	CUAG	0.7
46d8b989-580d-4a8f-a797-e347c97859b4	unmap	4294967295	-1.0	-1.0	-1.0	-1.0	-1.00	-1.00	-1.00	READ_FAILED_LOAD	NONE	-1.00
4490e9b5-c57e-4663-8973-c365825d552d	unmap	4294967295	2.0	3.0	3673.0	3841.0	6920.0	115.85	113.38	PASS	CUAG	1.4
42a62129-2fa1-4711-ada0-82f81801cd3f	unmap	4294967295	2.0	3.0	4690.0	4851.0	7555.0	100.40	85.10	PASS	CUAG	0.3
4b4f6e05-487d-4a48-b4ed-5e240b2c145d	unmap	4294967295	-1.0	-1.0	-1.0	-1.0	-1.00	-1.00	-1.00	READ_FAILED_LOAD	NONE	-1.00
3dbf6075-ab8e-48e4-a8f8-5893b9f481e3	unmap	4294967295	2.0	3.0	6625.0	6892.0	11247.0	103.86	145.14	PASS	CUAG	4.2
4be5a1b3-8978-4024-9501-15341b8144f9	unmap	4294967295	-1.0	-1.0	-1.0	-1.0	-1.00	-1.00	-1.00	READ_FAILED_LOAD	NONE	-1.00
46401b69-8030-470a-90f6-2590092edc5f	unmap	4294967295	2.0	3.0	4962.0	4962.0	7961.0	115.85	110.31	PASS	NONE	0.0
4c0715e4-4d10-40be-aa77-5252b0bcad97	unmap	4294967295	-1.0	-1.0	-1.0	-1.0	-1.00	-1.00	-1.00	READ_FAILED_LOAD	NONE	-1.00
4a2fde6d-9762-465d-ac03-841ceaf621e7	unmap	4294967295	2.0	3.0	7250.0	7401.0	10026.0	125.50	104.33	ADAPTER	CUAG	1.2
4e608ed5-4440-4001-a144-4e737308acac	unmap	4294967295	-1.0	-1.0	-1.0	-1.0	-1.00	-1.00	-1.00	READ_FAILED_LOAD	NONE	-1.00
4a9a3bc0-408f-4aa8-91f7-91064d2632bc	unmap	4294967295	2.0	3.0	4131.0	4374.0	7697.0	111.56	118.04	PASS	CUAG	4.0
4e357252-923d-4712-a4ef-a11827207244	unmap	4294967295	2.0	3.0	4177.0	4301.0	7113.0	100.40	88.70	PASS	CUAG	0.0
4745770e-e1c9-441b-a93a-e124dbee816c	unmap	4294967295	2.0	3.0	7566.0	7566.0	10489.0	83.67	76.17	PASS	NONE	0.0
45e2cdd9-39fa-4fef-b397-4bb24789b73d	unmap	4294967295	2.0	3.0	8172.0	11369.0	13408.0	81.41	50.08	PASS	CUAG	81.4
4cd0ac48-7542-4f7f-8627-9bc06c3b7d95	unmap	4294967295	3.0	4.0	4400.0	4579.0	7370.0	111.56	98.33	PASS	CUAG	1.6
4aa78cdf-8c0f-4be0-a4b0-0b06f9e2e467	unmap	4294967295	2.0	3.0	4232.0	4403.0	6681.0	107.57	76.32	PASS	CUAG	1.1
50e4ee70-541b-4368-9e51-4bca1e09dc23	unmap	4294967295	2.0	3.0	4699.0	4838.0	6983.0	120.48	80.76	PASS	CUAG	0.5
4e0c8fca-bd4a-4cf9-a310-6841c92defab	unmap	4294967295	2.0	3.0	4345.0	4480.0	5886.0	115.85	49.04	PASS	CUAG	0.2
510ef8d9-e70f-498f-a601-27f7794cdf8f	unmap	4294967295	2.0	3.0	5438.0	5547.0	8620.0	103.86	100.93	PASS	CUAG	0.0
4f498234-6ea5-46e6-a04e-b6aba431d215	unmap	4294967295	2.0	3.0	5368.0	5368.0	8039.0	94.12	78.44	PASS	NONE	0.0
54a29e45-11fd-4fd9-b1f3-45a7d1f8abf2	unmap	4294967295	294.0	661.0	8030.0	8341.0	11461.0	100.40	98.97	PASS	CUAG	5.3
51c3c9af-0c0c-420f-bd18-0cb8af88127a	unmap	4294967295	2.0	3.0	9217.0	9345.0	11917.0	100.40	80.70	ADAPTER	CUAG	0.0
57d54144-7e7a-4570-ad30-3135dd0504b1	unmap	4294967295	2.0	3.0	4068.0	4087.0	4846.0	120.48	25.32	PASS	TOOSHORT	0.0
575eb427-b40c-4141-8261-f4f07987f6a6	unmap	4294967295	431.0	788.0	5550.0	5748.0	8804.0	107.57	104.11	PASS	CUAG	2.0
3ed4c5ce-7db7-43dc-86aa-7360dddc4f19	unmap	4294967295	2.0	3.0	5491.0	5681.0	10101.0	86.06	121.26	PASS	CUAG	0.4
5ae73f72-6e1a-4bea-a143-e40dae29c777	unmap	4294967295	2.0	3.0	4890.0	5415.0	7752.0	107.57	78.43	PASS	CUAG	13.7
57ba13c3-f795-42a8-b0a9-0fb6ee1b5374	unmap	4294967295	271.0	828.0	5638.0	5793.0	8749.0	115.85	108.65	PASS	CUAG	0.9
5466d55d-8d52-405f-8a69-0a0f809f365a	unmap	4294967295	2.0	3.0	4907.0	5019.0	7610.0	111.56	90.93	PASS	CUAG	0.0
582c755a-aaee-4aec-835a-fe8ca7a8fbf6	unmap	4294967295	2.0	3.0	4604.0	4833.0	7488.0	107.57	89.79	PASS	CUAG	3.1
5a0d7aeb-5c83-4cec-b6e7-3d330ab9dad0	unmap	4294967295	2.0	3.0	3404.0	3534.0	6236.0	115.85	98.88	PASS	CUAG	0.0
5715c31b-04c3-4e41-85da-87f37ff3dc47	unmap	4294967295	2.0	3.0	3816.0	3933.0	6352.0	115.85	88.00	PASS	CUAG	0.0
583ec3a1-75a0-4e40-95cd-d8d51e5cb45a	unmap	4294967295	2.0	3.0	4360.0	4360.0	7183.0	120.48	107.88	PASS	NONE	0.0
5dd9f304-c171-4806-8e8c-8b7a182d44c4	unmap	4294967295	-1.0	-1.0	-1.0	-1.0	-1.00	-1.00	-1.00	READ_FAILED_LOAD	NONE	-1.00
5fe4d979-3290-4f3f-9468-4f924741df7b	unmap	4294967295	-1.0	-1.0	-1.0	-1.0	-1.00	-1.00	-1.00	READ_FAILED_LOAD	NONE	-1.00
5c143a89-c049-48a7-9c52-508f1f48005a	unmap	4294967295	2.0	3.0	10005.0	10156.0	12801.0	120.48	100.76	ADAPTER	CUAG	1.0
60b93b4b-f3fa-4010-a077-1f00b49d54b3	unmap	4294967295	198.0	582.0	6627.0	6729.0	9674.0	97.16	89.97	PASS	CUAG	0.0
612e7393-3934-4817-949a-a1b14572fab9	unmap	4294967295	2.0	3.0	4707.0	4707.0	7385.0	97.16	81.35	PASS	NONE	0.0
5ea10e90-d08e-4e87-b9a3-8fcd0be7f117	unmap	4294967295	3.0	4.0	5587.0	5799.0	7359.0	100.40	46.97	PASS	CUAG	2.0
64fe4fb8-a9a8-4399-9b98-399f2b57e7b0	unmap	4294967295	-1.0	-1.0	-1.0	-1.0	-1.00	-1.00	-1.00	READ_FAILED_LOAD	NONE	-1.00
5bba7a98-592d-4b05-adfb-f6e5c6f558ed	unmap	4294967295	2.0	3.0	5020.0	5165.0	7816.0	115.85	96.92	PASS	CUAG	0.5
6a2136b2-0b25-4d3e-a679-561a48b7eb9e	unmap	4294967295	-1.0	-1.0	-1.0	-1.0	-1.00	-1.00	-1.00	READ_FAILED_LOAD	NONE	-1.00
63bcf437-43d2-4d2b-9e50-7905b2b3de82	unmap	4294967295	-1.0	-1.0	-1.0	-1.0	-1.00	-1.00	-1.00	READ_FAILED_LOAD	NONE	-1.00
5ed270b6-b984-4d27-be36-8c3604b8ce8c	unmap	4294967295	2.0	3.0	5996.0	6182.0	9741.0	94.12	106.19	PASS	CUAG	0.8
61282c18-0d79-422e-b1da-5f79cbcdeca2	unmap	4294967295	-1.0	-1.0	-1.0	-1.0	-1.00	-1.00	-1.00	READ_FAILED_LOAD	NONE	-1.00
530c98a6-ceb6-4c87-a2f1-00075848c4e3	unmap	4294967295	2.0	3.0	11835.0	11835.0	15801.0	77.23	96.67	ADAPTER	NONE	0.0
6b92ec8f-f9fd-4fb1-bb7f-2f298f771455	unmap	4294967295	2.0	3.0	5104.0	5311.0	8090.0	120.48	106.12	PASS	CUAG	3.2
6c65bbaa-b903-410b-b949-60da067cd44a	unmap	4294967295	-1.0	-1.0	-1.0	-1.0	-1.00	-1.00	-1.00	READ_FAILED_LOAD	NONE	-1.00
6bc6bcc1-c45c-411c-8e33-92385368affb	unmap	4294967295	2.0	3.0	7607.0	7719.0	10331.0	103.86	85.03	PASS	CUAG	0.0
6e4e20d0-9ea7-4579-8251-8c5b66dfb4c2	unmap	4294967295	268.0	550.0	3473.0	3602.0	6025.0	130.96	100.30	PASS	CUAG	0.6
6e8f1402-bdd7-400d-92d2-b3822dc7a9cd	unmap	4294967295	2.0	3.0	4710.0	4891.0	7398.0	115.85	91.38	PASS	CUAG	1.9
70528e09-8fb2-423c-92bf-56133b10b608	unmap	4294967295	-1.0	-1.0	-1.0	-1.0	-1.00	-1.00	-1.00	READ_FAILED_LOAD	NONE	-1.00
74e4f55b-a33f-41dc-891c-5b8cf5dfba58	unmap	4294967295	-1.0	-1.0	-1.0	-1.0	-1.00	-1.00	-1.00	READ_FAILED_LOAD	NONE	-1.00
72f25225-ccca-4b76-a8a5-fa43e73318c4	unmap	4294967295	2.0	3.0	4068.0	4068.0	7104.0	115.85	111.73	PASS	NONE	0.0
5ce30467-28f4-4ba7-a8f0-001956f99fe1	unmap	4294967295	2.0	3.0	8595.0	8767.0	11947.0	111.56	112.74	ADAPTER	CUAG	1.3
64712ef7-24cd-4140-8a4f-bf06ed4b7321	unmap	4294967295	2.0	3.0	8178.0	8324.0	11415.0	97.16	94.68	PASS	CUAG	0.0
6de82ef8-7a88-4b0d-95d7-5eaa64334c82	unmap	4294967295	2.0	3.0	4423.0	4423.0	8401.0	107.57	137.04	PASS	NONE	0.0
5de5e6d9-4348-4092-b65b-8b562664a1ef	unmap	4294967295	-1.0	-1.0	-1.0	-1.0	-1.00	-1.00	-1.00	READ_FAILED_LOAD	NONE	-1.00
729b1517-1e75-4ab3-9097-fbce0753b5e7	unmap	4294967295	2.0	3.0	4454.0	4624.0	7055.0	125.50	96.25	PASS	CUAG	2.0
76e57e66-ec33-4487-9811-35d29ab58e17	unmap	4294967295	2.0	3.0	6591.0	6819.0	10179.0	91.27	96.79	PASS	CUAG	1.9
7973121d-e7ae-4ec3-a096-780c5bebb010	unmap	4294967295	2.0	3.0	3558.0	3726.0	6218.0	130.96	103.30	PASS	CUAG	2.3
6b973c71-cbf9-4159-b347-19271b0085d8	unmap	4294967295	-1.0	-1.0	-1.0	-1.0	-1.00	-1.00	-1.00	READ_FAILED_LOAD	NONE	-1.00
76467425-27ec-4d58-bf44-38c408ac655e	unmap	4294967295	2.0	3.0	4993.0	5165.0	7880.0	120.48	103.56	PASS	CUAG	1.8
53014f97-d72c-457a-9f95-9813ce98da6c	unmap	4294967295	2.0	10.0	650.0	977.0	1378.0	120.48	11.00	PASS	CUAG	8.0
760259e2-d9a5-4bd4-a93b-338b0e4bc43b	unmap	4294967295	2.0	3.0	6786.0	6786.0	8770.0	111.56	68.44	PASS	NONE	0.0
7472ffeb-de1b-4900-aedd-a4de790abd9e	unmap	4294967295	-1.0	-1.0	-1.0	-1.0	-1.00	-1.00	-1.00	READ_FAILED_LOAD	NONE	-1.00
75044d5e-fba7-4d12-a9a4-130e06ce405e	unmap	4294967295	131.0	307.0	2890.0	3031.0	5226.0	136.91	94.73	PASS	CUAG	1.4
7dc1aa4a-cd94-4773-9839-b98d7921bdf1	unmap	4294967295	-1.0	-1.0	-1.0	-1.0	-1.00	-1.00	-1.00	READ_FAILED_LOAD	NONE	-1.00
777b965b-8828-4f50-aad1-443f0274f949	unmap	4294967295	2.0	3.0	6828.0	58665.0	69902.0	103.86	382.45	PASS	CUAG	1782.4
7ab292b8-c6eb-48c4-8d37-35cc71f62ede	unmap	4294967295	2.0	3.0	6548.0	6672.0	9461.0	115.85	102.23	PASS	CUAG	0.0
78c5c97d-10f5-4ddd-83d1-5d15385b43cd	unmap	4294967295	2.0	3.0	4043.0	4043.0	7136.0	103.86	101.62	PASS	NONE	0.0
81ad2ce8-a825-43c4-99ef-9d95fc345ba7	unmap	4294967295	324.0	683.0	7043.0	7182.0	9993.0	111.56	99.07	PASS	CUAG	0.1
7ee7437b-50c9-42e6-a6fe-47dfbfcd0d1e	unmap	4294967295	154.0	347.0	3950.0	4152.0	7322.0	107.57	108.18	PASS	CUAG	2.2
8219feb0-2111-450f-ad0d-b0c5b71b1cea	unmap	4294967295	-1.0	-1.0	-1.0	-1.0	-1.00	-1.00	-1.00	READ_FAILED_LOAD	NONE	-1.00
7b0d2e42-c713-4359-9d6d-f0efe049b71d	unmap	4294967295	-1.0	-1.0	-1.0	-1.0	-1.00	-1.00	-1.00	READ_FAILED_LOAD	NONE	-1.00
82b4a70a-f381-428d-bdb7-d66af78dbcb8	unmap	4294967295	2.0	3.0	3937.0	4070.0	6710.0	115.85	96.50	PASS	CUAG	0.1
81b0334e-07c7-4311-b6bd-bc9c7f128346	unmap	4294967295	2.0	3.0	4588.0	4666.0	7342.0	125.50	106.46	PASS	CUAG	0.0
7a80322e-e174-4754-8db5-2a3755552ed6	unmap	4294967295	-1.0	-1.0	-1.0	-1.0	-1.00	-1.00	-1.00	READ_FAILED_LOAD	NONE	-1.00
81ed354c-a19d-40f7-91b2-4ae574da35ed	unmap	4294967295	2.0	3.0	5846.0	5956.0	9511.0	111.56	126.63	PASS	CUAG	0.0
829baa1b-4c79-4d9a-9876-59b90e00776d	unmap	4294967295	2.0	3.0	4499.0	4499.0	7105.0	115.85	95.19	PASS	NONE	0.0
86cd15fa-9023-4cda-82d4-04b415b6ddd5	unmap	4294967295	2.0	3.0	5051.0	5051.0	8475.0	120.48	131.92	PASS	NONE	0.0
8554ea8a-8c5f-44bd-9e34-f32a74fffffb	unmap	4294967295	2.0	3.0	180.0	2423.0	2642.0	107.57	2.79	PASS	CUAG	75.1
87755844-2b56-4bcf-b5ca-8588862d603e	unmap	4294967295	2.0	3.0	3267.0	3267.0	5603.0	130.96	96.52	PASS	NONE	0.0
84fa6549-dfa4-44ab-a231-fffb22969023	unmap	4294967295	397.0	1183.0	6908.0	6908.0	7876.0	120.48	33.68	PASS	NONE	0.0
86f5a019-c7fd-407a-aaff-862a85e79fc2	unmap	4294967295	412.0	942.0	8405.0	8405.0	12380.0	88.59	111.88	PASS	NONE	0.0
890c764f-9f89-4a61-a9cf-075125a6db86	unmap	4294967295	2.0	3.0	4315.0	4496.0	6934.0	111.56	85.26	PASS	CUAG	1.7
8ab89c59-f5ad-45ee-8413-0ea7dda8fb8c	unmap	4294967295	-1.0	-1.0	-1.0	-1.0	-1.00	-1.00	-1.00	READ_FAILED_LOAD	NONE	-1.00
84749b64-8c07-4c66-819e-2612951c483d	unmap	4294967295	105.0	277.0	2810.0	2984.0	5558.0	120.48	97.92	PASS	CUAG	1.9
88fae8a3-cadd-4c45-8dda-2741591ecb39	unmap	4294967295	2.0	3.0	4712.0	4712.0	7498.0	125.50	111.04	PASS	NONE	0.0
8ee764e2-8d87-4915-8600-81a8b7d9cf2d	unmap	4294967295	-1.0	-1.0	-1.0	-1.0	-1.00	-1.00	-1.00	READ_FAILED_LOAD	NONE	-1.00
8cdb44b7-595d-4604-81ed-57d3d2d2a38d	unmap	4294967295	-1.0	-1.0	-1.0	-1.0	-1.00	-1.00	-1.00	READ_FAILED_LOAD	NONE	-1.00
8adbc7c6-d7aa-4dd4-84a2-2c780d6c72a9	unmap	4294967295	2.0	3.0	6099.0	6185.0	9057.0	107.57	97.54	PASS	CUAG	0.0
8a7a714c-6214-4767-91e9-0f1706e5f97b	unmap	4294967295	-1.0	-1.0	-1.0	-1.0	-1.00	-1.00	-1.00	READ_FAILED_LOAD	NONE	-1.00
82b506f3-4792-4856-b9d7-b8c902b964e2	unmap	4294967295	2.0	3.0	7360.0	7493.0	10105.0	88.59	71.79	PASS	CUAG	0.0
8bfdb6af-699b-4328-acc3-059bb4a2b20d	unmap	4294967295	2.0	3.0	2055.0	2182.0	4881.0	103.86	88.03	PASS	CUAG	0.0
8fa9797c-3fc7-410b-a028-b034c80285a8	unmap	4294967295	-1.0	-1.0	-1.0	-1.0	-1.00	-1.00	-1.00	READ_FAILED_LOAD	NONE	-1.00
877d5136-4f31-42b4-a6fd-0dbc14988cc1	unmap	4294967295	2.0	3.0	5428.0	5646.0	8666.0	120.48	115.76	PASS	CUAG	3.7
92c57abc-dba4-4ce7-8e5d-52dde5269f96	unmap	4294967295	-1.0	-1.0	-1.0	-1.0	-1.00	-1.00	-1.00	READ_FAILED_LOAD	NONE	-1.00
84cd7af7-2bec-4915-a223-34adcb64bb93	unmap	4294967295	2.0	3.0	10352.0	10540.0	15453.0	66.93	104.16	PASS	CUAG	0.0
973325b4-4660-4fb9-a8fb-e75b2172ea12	unmap	4294967295	-1.0	-1.0	-1.0	-1.0	-1.00	-1.00	-1.00	READ_FAILED_LOAD	NONE	-1.00
97e2cd3a-e7e2-48ba-8769-305927edebc3	unmap	4294967295	-1.0	-1.0	-1.0	-1.0	-1.00	-1.00	-1.00	READ_FAILED_LOAD	NONE	-1.00
9929910a-2a01-464d-9c91-80415526e6eb	unmap	4294967295	-1.0	-1.0	-1.0	-1.0	-1.00	-1.00	-1.00	READ_FAILED_LOAD	NONE	-1.00
8cd7877e-5f4f-4169-8eb3-7cfd526ebb54	unmap	4294967295	2.0	3.0	5341.0	5447.0	7642.0	115.85	79.38	PASS	CUAG	0.0
8fc5f3e1-7070-43ea-9c0e-8f2f99536010	unmap	4294967295	2.0	3.0	4459.0	4622.0	6940.0	107.57	77.75	PASS	CUAG	0.8
90b6d957-da55-403e-97b2-fe22f1199804	unmap	4294967295	-1.0	-1.0	-1.0	-1.0	-1.00	-1.00	-1.00	READ_FAILED_LOAD	NONE	-1.00
929601d1-0b60-4ca4-89d2-ec7fcaf1013b	unmap	4294967295	370.0	791.0	6177.0	6359.0	10659.0	111.56	154.22	PASS	CUAG	1.7
998b1593-a550-4898-8a75-04b03898d58c	unmap	4294967295	2.0	3.0	4367.0	4509.0	7626.0	111.56	110.41	PASS	CUAG	0.2
919db6b4-2935-4a2f-875d-139507efe16a	unmap	4294967295	2.0	3.0	4073.0	4185.0	7212.0	100.40	95.87	PASS	CUAG	0.0
9e9143ec-3b1a-45f6-b08b-da1fa4b61d75	unmap	4294967295	-1.0	-1.0	-1.0	-1.0	-1.00	-1.00	-1.00	READ_FAILED_LOAD	NONE	-1.00
9aabeb83-c8bc-4429-8c13-c84841abb10f	unmap	4294967295	-1.0	-1.0	-1.0	-1.0	-1.00	-1.00	-1.00	READ_FAILED_LOAD	NONE	-1.00
8e34e0b3-2ffd-49ca-9157-35c3848fd61d	unmap	4294967295	2.0	3.0	4452.0	4583.0	7514.0	125.50	117.08	PASS	CUAG	0.4
917bfb02-686a-48af-be02-1e56d994c778	unmap	4294967295	2.0	3.0	9115.0	9285.0	12369.0	103.86	101.31	ADAPTER	CUAG	0.8
a094cc2a-5300-4112-afe7-bfbc02196179	unmap	4294967295	-1.0	-1.0	-1.0	-1.0	-1.00	-1.00	-1.00	READ_FAILED_LOAD	NONE	-1.00
a0974d62-887c-418e-84bd-03bc0c0dd45c	unmap	4294967295	-1.0	-1.0	-1.0	-1.0	-1.00	-1.00	-1.00	READ_FAILED_LOAD	NONE	-1.00
a3512f5a-3091-4774-8e5f-2688c8d08e97	unmap	4294967295	-1.0	-1.0	-1.0	-1.0	-1.00	-1.00	-1.00	READ_FAILED_LOAD	NONE	-1.00
9c5d9d5d-b178-431e-95f0-d1ae5a3e2e6c	unmap	4294967295	2.0	3.0	3849.0	3984.0	7896.0	125.50	157.96	PASS	CUAG	0.6
97882ab1-21ab-4cec-abfc-0e2e60ed7c6b	unmap	4294967295	123.0	317.0	5048.0	5145.0	7623.0	120.48	94.08	PASS	CUAG	0.0
9d20092f-cf04-4e4c-a646-b0a4456692a2	unmap	4294967295	2.0	3.0	4415.0	4586.0	7262.0	94.12	78.59	PASS	CUAG	0.3
95bd3d4a-f3fe-4f58-aaba-aaad016d6c6d	unmap	4294967295	2.0	3.0	3672.0	3672.0	6593.0	111.56	103.15	PASS	NONE	0.0
a6ac28aa-d6f3-40c4-ba2a-d3691445f46a	unmap	4294967295	-1.0	-1.0	-1.0	-1.0	-1.00	-1.00	-1.00	READ_FAILED_LOAD	NONE	-1.00
9c04be4c-3986-499b-a397-6a7ae385a7c6	unmap	4294967295	2.0	3.0	3794.0	3934.0	6182.0	115.85	81.42	PASS	CUAG	0.3
9f0a619e-e62a-4cd3-863e-b75fbe4d6fb2	unmap	4294967295	94.0	551.0	5604.0	5772.0	9212.0	107.57	117.82	PASS	CUAG	1.0
a4d074e3-6aa9-49d8-8990-1ff4c9cd6cc1	unmap	4294967295	2.0	3.0	7573.0	7656.0	10766.0	83.67	81.36	PASS	CUAG	0.0
a7b25b78-c148-4b7b-8fc8-38e980310bcc	unmap	4294967295	-1.0	-1.0	-1.0	-1.0	-1.00	-1.00	-1.00	READ_FAILED_LOAD	NONE	-1.00
a3da7770-6120-40f8-8bbc-0d7a708ccf63	unmap	4294967295	2.0	3.0	6706.0	6896.0	9834.0	100.40	92.90	PASS	CUAG	1.3
9dcea322-e789-42d6-ac75-c4eef9a3d14a	unmap	4294967295	57.0	130.0	4078.0	4201.0	6247.0	125.50	80.21	PASS	CUAG	0.1
a4f84bb1-dd60-43fd-a46e-ca2f3b79f70b	unmap	4294967295	673.0	1515.0	7921.0	8023.0	14897.0	79.26	175.87	PASS	CUAG	0.0
aa072770-36a8-4283-978f-d03f62b75bd9	unmap	4294967295	-1.0	-1.0	-1.0	-1.0	-1.00	-1.00	-1.00	READ_FAILED_LOAD	NONE	-1.00
a561685d-8ee1-4eab-b36d-ec0c4dfeb280	unmap	4294967295	2.0	48.0	101.0	101.0	175.0	120.48	0.00	PASS	NONE	0.0
ac6fdb73-c60e-48aa-9904-7b3018235cab	unmap	4294967295	-1.0	-1.0	-1.0	-1.0	-1.00	-1.00	-1.00	READ_FAILED_LOAD	NONE	-1.00
a6e4bb3c-06e8-4e2d-b62f-f3706827dfac	unmap	4294967295	2.0	3.0	7095.0	7237.0	10085.0	97.16	86.84	PASS	CUAG	0.0
abea9549-7790-42d6-a090-fd1251ce2b5f	unmap	4294967295	183.0	385.0	7298.0	7298.0	10663.0	100.40	107.13	PASS	NONE	0.0
a4a424ed-431f-4e89-95dd-c0ccc253c936	unmap	4294967295	2.0	3.0	7278.0	7401.0	9315.0	94.12	54.78	PASS	CUAG	0.0
adbc33ec-858a-4a1a-a87d-c97e2e1b0a82	unmap	4294967295	-1.0	-1.0	-1.0	-1.0	-1.00	-1.00	-1.00	READ_FAILED_LOAD	NONE	-1.00
ae558eef-b32c-41e5-a440-1a0594c02b1f	unmap	4294967295	-1.0	-1.0	-1.0	-1.0	-1.00	-1.00	-1.00	READ_FAILED_LOAD	NONE	-1.00
adef8290-bb64-4a4f-82f4-57c8402f70ee	unmap	4294967295	2.0	3.0	3621.0	3784.0	6363.0	125.50	102.42	PASS	CUAG	1.7
a849732d-5cb1-4341-a23f-9cec12f0cfc1	unmap	4294967295	2.0	4.0	6798.0	6900.0	10157.0	111.56	115.59	PASS	CUAG	0.0
abfba9db-83b7-4a82-aba0-b410e11052e6	unmap	4294967295	302.0	606.0	5928.0	6035.0	8417.0	111.56	83.19	PASS	CUAG	0.0
b2c4b7ed-8b47-4472-8cdf-f604295fca14	unmap	4294967295	12.0	20.0	1354.0	1544.0	1625.0	125.50	0.00	PASS	CUAG	2.9
aafeac4f-7aa7-4db2-8ccb-a81970b82822	unmap	4294967295	2.0	3.0	4479.0	4657.0	7817.0	111.56	112.00	PASS	CUAG	1.6
b0e958fb-d6f3-47a9-bd2d-d4f3e44e6392	unmap	4294967295	2.0	3.0	5307.0	5485.0	8237.0	115.85	100.81	PASS	CUAG	1.8
aa86ffd7-6c41-493c-a96d-9bb84ee8e934	unmap	4294967295	2.0	3.0	3565.0	3565.0	6565.0	120.48	114.96	PASS	NONE	0.0
b5fcf281-66e4-4514-80ab-c5a25faf3beb	unmap	4294967295	-1.0	-1.0	-1.0	-1.0	-1.00	-1.00	-1.00	READ_FAILED_LOAD	NONE	-1.00
a3beb7e7-2181-4138-ae84-5b20bee9b5ad	unmap	4294967295	2.0	3.0	3827.0	3987.0	7667.0	130.96	154.96	PASS	CUAG	1.9
b187299d-dd66-4921-b8f7-b5b66271e091	unmap	4294967295	2.0	3.0	4103.0	4103.0	6479.0	103.86	76.90	PASS	NONE	0.0
b287fe76-cec0-4fd3-8364-96023e129ebc	unmap	4294967295	28.0	453.0	741.0	767.0	1304.0	136.91	19.36	PASS	CUAG	0.0
b749eb8a-4d01-473a-9def-0a5365d4b1a1	unmap	4294967295	2.0	3.0	7659.0	7808.0	10474.0	103.86	86.90	PASS	CUAG	0.1
a70eec9f-2529-437e-b1ae-3697f9f4ca23	unmap	4294967295	2.0	5.0	116.0	116.0	139.0	143.43	0.00	PASS	NONE	0.0
bed4b73c-1993-461f-9e64-371417de68b9	unmap	4294967295	-1.0	-1.0	-1.0	-1.0	-1.00	-1.00	-1.00	READ_FAILED_LOAD	NONE	-1.00
bec2e8f3-9055-45fe-a9dd-cb5c1fa9ae2b	unmap	4294967295	-1.0	-1.0	-1.0	-1.0	-1.00	-1.00	-1.00	READ_FAILED_LOAD	NONE	-1.00
b55231fa-e464-4321-9bd6-5e90c5f114e9	unmap	4294967295	-1.0	-1.0	-1.0	-1.0	-1.00	-1.00	-1.00	READ_FAILED_LOAD	NONE	-1.00
c1040ee3-5e3a-4412-8cdf-386b856e8173	unmap	4294967295	-1.0	-1.0	-1.0	-1.0	-1.00	-1.00	-1.00	READ_FAILED_LOAD	NONE	-1.00
ad3c4fa7-56c3-4ba8-b13b-32bb221a4ffa	unmap	4294967295	2.0	3.0	3624.0	3624.0	6452.0	120.48	108.08	PASS	NONE	0.0
b85a572a-0f4f-41b3-a9c5-4d4f41801233	unmap	4294967295	-1.0	-1.0	-1.0	-1.0	-1.00	-1.00	-1.00	READ_FAILED_LOAD	NONE	-1.00
bbbef566-2952-4d49-ab14-779741c2a5f6	unmap	4294967295	2.0	10.0	1779.0	2917.0	2926.0	150.60	0.00	PASS	CUAG	51.8
c36e140f-0452-4dea-9b40-01c8534cb1df	unmap	4294967295	-1.0	-1.0	-1.0	-1.0	-1.00	-1.00	-1.00	READ_FAILED_LOAD	NONE	-1.00
b53613e2-3d89-4805-ae3e-22e3fa6d3e65	unmap	4294967295	2.0	3.0	4613.0	4837.0	8204.0	94.12	100.19	PASS	CUAG	2.0
c0689631-6819-487d-b363-d72837b7e195	unmap	4294967295	2.0	3.0	3926.0	4069.0	6332.0	125.50	89.25	PASS	CUAG	0.9
c0b800a7-d6e2-4dd7-8b88-f4eea3eeff61	unmap	4294967295	-1.0	-1.0	-1.0	-1.0	-1.00	-1.00	-1.00	READ_FAILED_LOAD	NONE	-1.00
c4c6ba2f-0820-4b7b-a6da-368f3ff60f57	unmap	4294967295	-1.0	-1.0	-1.0	-1.0	-1.00	-1.00	-1.00	READ_FAILED_LOAD	NONE	-1.00
c25c1028-b1b6-4398-9807-a87729a2cc41	unmap	4294967295	181.0	538.0	8766.0	9011.0	14008.0	81.41	130.03	PASS	CUAG	1.6
ba3974ab-5f92-4bc0-9df4-ae5f1938800e	unmap	4294967295	2.0	3.0	5138.0	5235.0	7429.0	111.56	76.22	PASS	CUAG	0.0
c7ef3f19-7b94-4f7d-9fa1-8d6ad56fa803	unmap	4294967295	-1.0	-1.0	-1.0	-1.0	-1.00	-1.00	-1.00	READ_FAILED_LOAD	NONE	-1.00
c8024368-1fbc-493d-8abf-33b2e5254fdd	unmap	4294967295	-1.0	-1.0	-1.0	-1.0	-1.00	-1.00	-1.00	READ_FAILED_LOAD	NONE	-1.00
c4d2a740-f0cf-4d78-81cf-f9e23835d03c	unmap	4294967295	-1.0	-1.0	-1.0	-1.0	-1.00	-1.00	-1.00	READ_FAILED_LOAD	NONE	-1.00
bbcf4c41-cf67-4303-9897-702e5d812d24	unmap	4294967295	2.0	3.0	4944.0	5152.0	8087.0	120.48	112.36	PASS	CUAG	3.3
c49c6f6e-82ac-48cc-ad3a-bd7d34bb9bae	unmap	4294967295	194.0	399.0	5686.0	5847.0	7912.0	103.86	66.17	PASS	CUAG	0.5
c3bb919a-ef90-428c-8045-dc15694d1eba	unmap	4294967295	2.0	3.0	4333.0	4333.0	7216.0	125.50	115.08	PASS	NONE	0.0
c944232d-ccd1-4a63-a103-ea3f0a4ec26c	unmap	4294967295	-1.0	-1.0	-1.0	-1.0	-1.00	-1.00	-1.00	READ_FAILED_LOAD	NONE	-1.00
c7ebb740-c919-4e7f-9ebe-d014d7316d99	unmap	4294967295	151.0	496.0	3126.0	3126.0	4117.0	125.50	36.25	PASS	NONE	0.0
c641526c-bbba-4bab-87ff-5edebb6ea74f	unmap	4294967295	2.0	3.0	8195.0	45741.0	57904.0	107.57	429.36	PASS	CUAG	1335.9
c93abd54-a408-4c26-8417-5a542be369d2	unmap	4294967295	-1.0	-1.0	-1.0	-1.0	-1.00	-1.00	-1.00	READ_FAILED_LOAD	NONE	-1.00
cb6e9861-796b-45ab-ba50-066aeaa9957f	unmap	4294967295	2.0	3.0	3363.0	3545.0	6432.0	125.50	115.25	PASS	CUAG	2.5
cab8efb1-00b4-466f-a64f-7d8f593ac345	unmap	4294967295	212.0	514.0	5004.0	5172.0	7891.0	111.56	95.67	PASS	CUAG	1.2
c8998154-2503-44bc-b354-5d954ea2426a	unmap	4294967295	2.0	3.0	4470.0	4677.0	8039.0	115.85	124.27	PASS	CUAG	2.9
c832f009-4751-4d39-a92d-a65384313523	unmap	4294967295	2.0	3.0	4776.0	5014.0	8179.0	97.16	97.06	PASS	CUAG	2.6
cf698e95-aa3c-4c2f-b4dc-ec3966e27464	unmap	4294967295	-1.0	-1.0	-1.0	-1.0	-1.00	-1.00	-1.00	READ_FAILED_LOAD	NONE	-1.00
d0ab5bb3-7ef3-4c0c-a538-b7dc20f13fe9	unmap	4294967295	-1.0	-1.0	-1.0	-1.0	-1.00	-1.00	-1.00	READ_FAILED_LOAD	NONE	-1.00
c90010ae-5d78-471c-ab9d-98391629b248	unmap	4294967295	2.0	3.0	8994.0	9136.0	13820.0	91.27	136.91	PASS	CUAG	0.0
cb8f4464-13b9-437f-ad57-0f1ac409fda7	unmap	4294967295	2.0	3.0	3202.0	3350.0	5736.0	125.50	94.37	PASS	CUAG	1.1
c4cf4fdc-657b-4546-94e4-0aef7adccc91	unmap	4294967295	-1.0	-1.0	-1.0	-1.0	-1.00	-1.00	-1.00	READ_FAILED_LOAD	NONE	-1.00
d118abee-b408-473c-8994-3bfc9f2adc1b	unmap	4294967295	2.0	86.0	273.0	580.0	865.0	91.27	3.61	PASS	CUAG	4.3
cc382491-9fe5-4086-8d34-01e50e979ab0	unmap	4294967295	2.0	3.0	6621.0	6621.0	9340.0	111.56	95.67	PASS	NONE	0.0
d520f871-5561-4fe7-a6b5-762b6a2dd682	unmap	4294967295	-1.0	-1.0	-1.0	-1.0	-1.00	-1.00	-1.00	READ_FAILED_LOAD	NONE	-1.00
d3100647-73cc-4059-a319-e6118d521c25	unmap	4294967295	309.0	598.0	7509.0	7600.0	10512.0	100.40	92.03	PASS	CUAG	0.0
d50cbd05-da80-4c8c-ac7d-31f186177d37	unmap	4294967295	2.0	7.0	687.0	687.0	1269.0	100.40	14.37	PASS	NONE	0.0
d191bfcd-7d3f-40b2-8faf-ffb2ba9cc07d	unmap	4294967295	2.0	3.0	2898.0	3086.0	5482.0	120.48	90.80	PASS	CUAG	2.5
cbd8ec1f-0289-4ccb-9af7-c699d52a1f22	unmap	4294967295	254.0	887.0	8706.0	8706.0	13046.0	115.85	161.88	ADAPTER	NONE	0.0
c402b763-f98f-407a-afa0-dbeb760c204b	unmap	4294967295	316.0	776.0	6645.0	6786.0	8860.0	111.56	71.78	PASS	CUAG	0.2
d64c6535-e196-4ba1-ae4e-00cd985cb2f0	unmap	4294967295	-1.0	-1.0	-1.0	-1.0	-1.00	-1.00	-1.00	READ_FAILED_LOAD	NONE	-1.00
d2ef508d-1d77-4da8-a6aa-3437a9e19b56	unmap	4294967295	15.0	174.0	219.0	349.0	394.0	103.86	0.00	PASS	CUAG	0.0
d53e6743-99a7-4c63-818e-baaa85a37ef9	unmap	4294967295	225.0	440.0	3949.0	4105.0	6996.0	107.57	98.21	PASS	CUAG	0.5
d56d180c-ed95-4345-8171-10b571bf7f9b	unmap	4294967295	2.0	3.0	5421.0	5645.0	7670.0	136.91	87.00	PASS	CUAG	5.1
c9d94464-36c4-4422-bfd2-1d47c07ae053	unmap	4294967295	2.0	3.0	6149.0	6313.0	9162.0	115.85	104.54	PASS	CUAG	1.3
d8e37334-a6d0-4748-8073-062592376e31	unmap	4294967295	-1.0	-1.0	-1.0	-1.0	-1.00	-1.00	-1.00	READ_FAILED_LOAD	NONE	-1.00
d8511b27-ff04-4a0f-8d28-dc018ed92801	unmap	4294967295	2.0	3.0	3302.0	3302.0	7644.0	120.48	168.64	PASS	NONE	0.0
d6ae5895-2a29-4722-8bc9-1c50e0c61141	unmap	4294967295	2.0	3.0	5842.0	6008.0	8833.0	125.50	112.67	PASS	CUAG	1.9
d561b385-7af5-4f18-ac9e-1192a82e729d	unmap	4294967295	361.0	726.0	5400.0	5503.0	8474.0	100.40	94.00	PASS	CUAG	0.0
d8b7f165-8187-470f-aaf5-f5cba7cf4f54	unmap	4294967295	2.0	3.0	6633.0	6786.0	9671.0	120.48	110.36	PASS	CUAG	1.1
c2fe8394-8173-4164-a599-1372980c2ee6	unmap	4294967295	2.0	3.0	3857.0	3937.0	6710.0	120.48	105.88	PASS	CUAG	0.0
d7f61842-5826-4568-b893-3d99e7e658a7	unmap	4294967295	304.0	622.0	5532.0	5653.0	8297.0	107.57	89.39	PASS	CUAG	0.0
e0f66d0e-e4d7-44af-b0c2-d0bc3c801f71	unmap	4294967295	-1.0	-1.0	-1.0	-1.0	-1.00	-1.00	-1.00	READ_FAILED_LOAD	NONE	-1.00
e0aed467-713b-40d4-82ba-3105b039177b	unmap	4294967295	2.0	3.0	6977.0	7125.0	10431.0	107.57	113.04	PASS	CUAG	0.2
d409ee48-3c67-489f-a885-ee26b452c002	unmap	4294967295	2.0	3.0	7514.0	7694.0	11068.0	111.56	119.93	PASS	CUAG	1.6
df11c474-31b3-4d60-862f-fa6e7feb699a	unmap	4294967295	2.0	19.0	7003.0	7003.0	9934.0	94.12	86.56	PASS	NONE	0.0
dfca7901-c8d9-42fa-bdc6-84ccb4e28759	unmap	4294967295	2.0	3.0	5653.0	5653.0	9363.0	111.56	132.37	PASS	NONE	0.0
e1e211b1-d159-44c1-9c19-a31ef7bb4c46	unmap	4294967295	2.0	3.0	1906.0	1906.0	9235.0	130.96	313.61	PASS	NONE	0.0
e54fb4e3-6d9d-42d6-94ff-acce7b168869	unmap	4294967295	-1.0	-1.0	-1.0	-1.0	-1.00	-1.00	-1.00	READ_FAILED_LOAD	NONE	-1.00
e0d9ddd9-6ba4-4d8b-be9b-90456e1b31be	unmap	4294967295	2.0	3.0	7367.0	7535.0	12942.0	103.86	181.41	PASS	CUAG	0.8
e5a2d091-d16c-4f5a-9a51-74333bf1443f	unmap	4294967295	-1.0	-1.0	-1.0	-1.0	-1.00	-1.00	-1.00	READ_FAILED_LOAD	NONE	-1.00
dcb2aea2-4770-4536-a29d-3182860bdbd8	unmap	4294967295	2.0	3.0	4869.0	5016.0	8127.0	115.85	114.62	PASS	CUAG	0.6
e499aeb9-89b3-4969-a1d0-9ddc5beab6d1	unmap	4294967295	2.0	3.0	5160.0	5306.0	7955.0	107.57	89.57	PASS	CUAG	0.2
e4fdaafc-1969-42b4-a92b-5c9776731648	unmap	4294967295	2.0	3.0	6065.0	6239.0	8994.0	107.57	93.36	PASS	CUAG	1.2
e4cf40af-3944-4aca-b2d9-d57150219533	unmap	4294967295	9.0	43.0	230.0	1104.0	1549.0	143.43	16.14	PASS	CUAG	36.6
ea1b8699-f6f5-4396-9435-d023969d9530	unmap	4294967295	2.0	3.0	5326.0	5490.0	8585.0	120.48	118.76	PASS	CUAG	1.5
eb2d7cf1-227c-4d66-8955-61b6518c093f	unmap	4294967295	-1.0	-1.0	-1.0	-1.0	-1.00	-1.00	-1.00	READ_FAILED_LOAD	NONE	-1.00
e3f7518b-507f-4213-8762-6c2534d44430	unmap	4294967295	316.0	599.0	10729.0	10729.0	14087.0	86.06	90.91	PASS	NONE	0.0
ea4384c4-4602-47ad-8b43-2b7eee92ae64	unmap	4294967295	-1.0	-1.0	-1.0	-1.0	-1.00	-1.00	-1.00	READ_FAILED_LOAD	NONE	-1.00
d7a82e3c-1b78-4ecd-a3d9-865d7d5759ff	unmap	4294967295	2.0	3.0	5629.0	5774.0	8163.0	91.27	67.36	PASS	CUAG	0.0
e7c9ab52-b879-4eea-b779-44d286c064d1	unmap	4294967295	2.0	3.0	4424.0	7152.0	7388.0	94.12	2.34	PASS	CUAG	80.2
eb73e16c-f01b-448f-999f-7948c9e8ca5f	unmap	4294967295	-1.0	-1.0	-1.0	-1.0	-1.00	-1.00	-1.00	READ_FAILED_LOAD	NONE	-1.00
e5ec3d25-1dd5-4385-8320-ec998ff4fcf1	unmap	4294967295	2.0	3.0	9703.0	9885.0	14380.0	115.85	167.85	ADAPTER	CUAG	2.0
e9e15f77-ca87-44a7-a856-9164052e4f90	unmap	4294967295	285.0	1009.0	6604.0	6821.0	10360.0	115.85	131.08	PASS	CUAG	3.3
f3ca1042-0223-4a8a-9963-bdeaa87ced70	unmap	4294967295	-1.0	-1.0	-1.0	-1.0	-1.00	-1.00	-1.00	READ_FAILED_LOAD	NONE	-1.00
f468c902-984f-4d64-84e9-b1086a8d4f6b	unmap	4294967295	-1.0	-1.0	-1.0	-1.0	-1.00	-1.00	-1.00	READ_FAILED_LOAD	NONE	-1.00
f4363a3a-1889-4543-9ff8-df75ec10d62f	unmap	4294967295	-1.0	-1.0	-1.0	-1.0	-1.00	-1.00	-1.00	READ_FAILED_LOAD	NONE	-1.00
ec2f9241-1091-4d70-80e7-a55470038075	unmap	4294967295	-1.0	-1.0	-1.0	-1.0	-1.00	-1.00	-1.00	READ_FAILED_LOAD	NONE	-1.00
eee7d4a9-717b-4754-9614-05f0ea8edc21	unmap	4294967295	2.0	3.0	5859.0	5859.0	7019.0	130.96	45.39	PASS	NONE	0.0
f7430384-d360-49b9-9deb-ec6ad896c062	unmap	4294967295	-1.0	-1.0	-1.0	-1.0	-1.00	-1.00	-1.00	READ_FAILED_LOAD	NONE	-1.00
f8805dc5-136b-4599-ae3b-13ef421bd67c	unmap	4294967295	-1.0	-1.0	-1.0	-1.0	-1.00	-1.00	-1.00	READ_FAILED_LOAD	NONE	-1.00
f0702df5-44f7-4182-992c-9c0a49d1e033	unmap	4294967295	2.0	3.0	6165.0	6333.0	8906.0	111.56	90.26	PASS	CUAG	1.2
ee1ea3d5-4bfd-4828-a26c-bf9769548cbd	unmap	4294967295	2.0	3.0	10720.0	10866.0	14730.0	83.67	102.31	PASS	CUAG	0.0
f0dc3641-d379-467e-8733-56e8aaece1b7	unmap	4294967295	347.0	737.0	9261.0	9261.0	12540.0	88.59	91.41	PASS	NONE	0.0
fa3e5aa6-30ce-4b82-ab11-aed3cb92251a	unmap	4294967295	-1.0	-1.0	-1.0	-1.0	-1.00	-1.00	-1.00	READ_FAILED_LOAD	NONE	-1.00
f665ed64-acdb-419a-bf6f-9a1dbae0fc1d	unmap	4294967295	2.0	3.0	5207.0	5346.0	8291.0	111.56	104.04	PASS	CUAG	0.1
f665b4b8-40e2-4dc5-a0cb-645ae4f3e956	unmap	4294967295	2.0	3.0	8850.0	9032.0	12177.0	94.12	93.25	PASS	CUAG	0.7
eab29ae7-b1e2-4cc9-a4c2-6d544bace530	unmap	4294967295	2.0	3.0	7365.0	7638.0	11988.0	83.67	115.81	PASS	CUAG	2.6
f2e84dad-6672-452a-887b-2cfef986f39b	unmap	4294967295	2.0	3.0	4208.0	4409.0	7512.0	107.57	105.79	PASS	CUAG	2.1
fdb9cc35-71f5-4bb5-9f89-8cc7a162b7a6	unmap	4294967295	-1.0	-1.0	-1.0	-1.0	-1.00	-1.00	-1.00	READ_FAILED_LOAD	NONE	-1.00
dd87d523-ca38-4e01-868e-f617dbb4f4e1	unmap	4294967295	397.0	987.0	6538.0	6538.0	12322.0	103.86	194.41	PASS	NONE	0.0
ff260a9c-b940-4f72-b558-e34774622e3c	unmap	4294967295	-1.0	-1.0	-1.0	-1.0	-1.00	-1.00	-1.00	READ_FAILED_LOAD	NONE	-1.00
fd4a7fd8-e833-4a34-b76e-763aee7cfc2a	unmap	4294967295	162.0	572.0	4037.0	4126.0	7967.0	103.86	127.41	PASS	CUAG	0.0
fc040f88-b0db-4f9e-a855-8cb02787ff08	unmap	4294967295	2.0	3.0	4862.0	5036.0	7699.0	125.50	105.92	PASS	CUAG	2.2
fcbdd008-a798-43f5-a20c-ed0961d23421	unmap	4294967295	114.0	225.0	4133.0	4355.0	7681.0	100.40	105.83	PASS	CUAG	2.4
ff8b31c5-b95d-4498-a3ec-720e7441716d	unmap	4294967295	2.0	3.0	7003.0	7180.0	10235.0	91.27	87.55	PASS	CUAG	0.3
f2153e7c-b7be-405d-b556-735b2a5132c5	unmap	4294967295	2.0	3.0	7620.0	7738.0	10715.0	91.27	85.18	PASS	CUAG	0.0
f11ab503-ff76-46f3-84f0-44ebe8fbb37c	unmap	4294967295	2.0	3.0	5474.0	5645.0	8254.0	100.40	81.93	PASS	CUAG	0.7
fec63858-795f-4c01-bb4a-ff7273c121c1	unmap	4294967295	2.0	3.0	8327.0	8438.0	12347.0	100.40	125.27	PASS	CUAG	0.0
f8d791d6-2e22-4f98-a0bf-00580b20cdb8	unmap	4294967295	368.0	797.0	6806.0	6989.0	10135.0	97.16	96.45	PASS	CUAG	0.9
