readname	contig	position	leader_start	adapter_start	polya_start	linker_start	polya2_start	transcript_start	read_rate	polya_length	qc_tag	polya1_length	polya2_length	linker_length
86adaa19-314e-4907-92c1-2cc9a7e11077	BNT162b2	86	99.0	383.0	6478.0	8581.0	8817.0	9793.0	103.86	99.21	PASS	67.48	28.62	3.10
330304ef-cd32-4997-b74f-48f0af3a5c76	BNT162b2	25	2.0	3.0	3978.0	7314.0	7658.0	8907.0	94.12	138.94	SUFFCLIP	99.22	34.00	5.72
f09994c3-a203-4a8c-9477-ba6853bd4490	BNT162b2	86	2.0	3.0	8186.0	10049.0	10239.0	11317.0	107.57	96.71	SUFFCLIP	61.50	33.46	1.75
548cd5e5-39a9-4337-89e0-631edc1eea75	BNT162b2	25	2.0	3.0	5567.0	7718.0	8067.0	9201.0	115.85	124.65	SUFFCLIP	77.69	38.58	8.38
6d6dfd28-81f5-4531-aa5e-64bd2245c3b8	BNT162b2	86	52.0	257.0	5755.0	7967.0	8202.0	9451.0	103.86	112.34	SUFFCLIP	71.24	38.03	3.07
28fc1493-803b-425c-8acd-8b5c5f1ed15b	BNT162b2	79	2.0	3.0	7965.0	10437.0	10723.0	11655.0	107.57	116.68	SUFFCLIP	83.25	28.25	5.18
a415a341-84ea-48e6-9488-419a2da249e6	BNT162b2	99	2.0	3.0	6287.0	8719.0	8945.0	9957.0	115.85	126.04	SUFFCLIP	88.50	33.88	3.65
89616bdf-b47c-45f5-a5ce-34b1dc50e9fa	BNT162b2	79	201.0	493.0	4928.0	7065.0	7307.0	8482.0	103.86	107.45	SUFFCLIP	68.66	35.48	3.31
ba9f585a-fd0e-4ca2-8292-2d3283351330	BNT162b2	86	2.0	3.0	6859.0	9236.0	9389.0	10379.0	100.40	102.23	SUFFCLIP	74.20	27.97	0.07
18f8558a-b070-464c-b39e-24f5a8219aff	BNT162b2	101	2.0	3.0	5229.0	7142.0	7344.0	8274.0	100.40	86.40	SUFFCLIP	58.73	25.97	1.70
00e72a46-12a3-4ed0-b869-ea7e181437d9	BNT162b2	110	302.0	873.0	9125.0	11521.0	11840.0	13345.0	103.86	130.41	SUFFCLIP	77.59	46.86	5.97
c72c13bd-84f6-4d7c-b5e2-a85f337da9a7	BNT162b2	206	2.0	3.0	4735.0	6703.0	6881.0	7915.0	125.50	117.37	PASS	76.96	38.04	2.37
e2d87dae-7517-469c-92c1-a628a9a5cba3	BNT162b2	263	361.0	825.0	6394.0	8099.0	8294.0	9442.0	103.86	90.00	PASS	53.76	34.55	1.69
557fbc69-0219-47e2-a325-6c5e537347ea	BNT162b2	281	2.0	3.0	4124.0	5938.0	6194.0	7051.0	125.50	106.83	SUFFCLIP	70.54	30.67	5.62
476e1df3-653d-4949-9850-bc55d3dfafe3	BNT162b2	150	176.0	395.0	5665.0	7733.0	8096.0	9097.0	100.40	99.30	PASS	63.90	28.33	7.07
c5608964-9b91-4b41-9343-e54859f1cace	BNT162b2	332	2.0	3.0	4003.0	6251.0	6388.0	7366.0	120.48	119.40	PASS	84.88	34.08	0.44
62749bbe-ea15-4af7-8c8c-6a26dcb9daff	BNT162b2	356	2.0	3.0	5923.0	7896.0	8091.0	8988.0	120.48	107.48	SUFFCLIP	73.88	30.84	2.76
0188e89e-a76c-4d28-9835-17b97d0652f5	BNT162b2	491	2.0	3.0	5185.0	7444.0	7667.0	8638.0	120.48	123.00	SUFFCLIP	85.32	33.80	3.88
97445ea6-ec11-40f2-a8ec-cfff8fd1fc43	BNT162b2	384	2.0	3.0	3999.0	5937.0	6156.0	7138.0	115.85	105.62	SUFFCLIP	69.50	32.73	3.38
f81bb808-bf3e-44fc-b7ab-cd329b13d584	BNT162b2	656	3.0	4.0	5185.0	7563.0	7838.0	8792.0	125.50	135.17	SUFFCLIP	94.04	34.71	6.42
8f60951b-c2d4-443f-8762-8edd902d2bd9	BNT162b2	578	195.0	362.0	3854.0	6003.0	6242.0	7363.0	107.57	110.21	SUFFCLIP	71.71	35.00	3.50
ab12607b-3877-4cc8-8001-2fc38d950d05	BNT162b2	782	2.0	3.0	4856.0	6688.0	6965.0	7814.0	120.48	103.20	SUFFCLIP	68.24	28.92	6.04
b4528908-47e1-413c-be16-02c1b6a8842e	BNT162b2	780	2.0	3.0	8501.0	11384.0	11651.0	12451.0	103.86	121.10	SUFFCLIP	94.38	22.55	4.17
fc6c06cb-06a0-4824-8cd8-144f9de3fa16	BNT162b2	1165	2.0	3.0	6143.0	7753.0	8004.0	9071.0	115.85	97.50	PASS	56.88	36.00	4.62
e74d7aad-bd36-4d3e-b4de-b0bf2b5c0b72	BNT162b2	1040	2.0	3.0	5308.0	7611.0	7918.0	9281.0	97.16	113.06	SUFFCLIP	69.26	38.94	4.87
ac14e077-3079-4598-a0b4-af3e8f495845	BNT162b2	1229	3.0	4.0	4193.0	5988.0	6324.0	7274.0	120.48	108.12	SUFFCLIP	66.76	32.96	8.40
daccb864-3166-426a-9fd6-c191566bebc4	BNT162b2	524	509.0	1130.0	7067.0	9080.0	9316.0	10441.0	100.40	97.37	SUFFCLIP	62.07	32.47	2.83
88cae462-f71e-48d7-9474-9cf4aa8b0d9b	BNT162b2	1232	2.0	3.0	7129.0	9356.0	9501.0	10943.0	120.48	137.44	SUFFCLIP	84.04	52.64	0.76
47cf1dcf-c543-4620-9932-184b2058a0d8	BNT162b2	854	2.0	3.0	15517.0	17470.0	17693.0	18866.0	91.27	86.39	ADAPTER	54.15	30.52	1.73
2868b701-5fb7-4268-b26a-0d8866118365	BNT162b2	1239	2.0	3.0	5390.0	7387.0	7728.0	9019.0	107.57	114.50	SUFFCLIP	66.29	41.07	7.14
22b5a7c3-f919-48b2-8f6d-76ec66d7e5d1	BNT162b2	1290	2.0	3.0	8729.0	11302.0	11439.0	12454.0	103.86	113.66	ADAPTER	83.69	29.97	0.00
fb7ba564-17e9-4ce7-81e8-4a7e9a3b7615	BNT162b2	1429	2.0	3.0	5870.0	7502.0	7615.0	8784.0	125.50	106.62	SUFFCLIP	62.96	43.67	0.00
6a884434-cf35-4c6c-a9b3-4ca80c8b353e	BNT162b2	1340	2.0	3.0	7888.0	9834.0	10056.0	11197.0	107.57	103.07	SUFFCLIP	64.46	35.71	2.89
283267d1-5247-41ad-abd3-b933cc483c88	BNT162b2	1290	336.0	785.0	6140.0	8203.0	8423.0	9384.0	94.12	86.28	SUFFCLIP	59.44	25.00	1.84
4f84afdd-7e18-4cce-a333-62352cf08d28	BNT162b2	1466	2.0	3.0	5738.0	7569.0	7751.0	8977.0	100.40	92.87	SUFFCLIP	56.00	35.83	1.03
9fd33f80-afd0-49e9-ba90-8856937eb718	BNT162b2	1614	2.0	3.0	5334.0	7264.0	7443.0	8812.0	120.48	124.00	SUFFCLIP	72.16	49.72	2.12
1deb94cd-0000-4eb8-a8c6-e7479ea756a2	BNT162b2	1591	3.0	4.0	6663.0	8551.0	8793.0	9848.0	103.86	94.72	SUFFCLIP	60.07	31.34	3.31
3965da64-36fc-48b4-b4c5-41ade90d0cf4	BNT162b2	1611	439.0	854.0	6291.0	8310.0	8512.0	9302.0	100.40	85.27	SUFFCLIP	62.27	21.30	1.70
987b03a3-524d-4a4f-b7e9-1f5633be4e0c	BNT162b2	1557	204.0	544.0	5711.0	7279.0	7465.0	8658.0	115.85	98.23	PASS	55.27	40.85	2.12
212de42c-dd73-44fb-8d1d-670a8b2c9a68	BNT162b2	1537	2.0	3.0	8662.0	10961.0	11221.0	12615.0	97.16	112.42	SUFFCLIP	69.13	39.94	3.35
881b3c4c-e78f-4f5e-ba9a-3092c5daba2a	BNT162b2	1471	2.0	3.0	5905.0	7901.0	8139.0	9002.0	111.56	99.59	SUFFCLIP	68.89	26.93	3.78
f78d910d-62b1-4a50-8438-d3cecffd4ab5	BNT162b2	1614	2.0	3.0	4147.0	5456.0	5653.0	7028.0	120.48	100.12	SUFFCLIP	47.32	49.96	2.84
6d21664c-979f-4e1c-94b6-4ed0a7f0367c	BNT162b2	1625	2.0	3.0	6599.0	8439.0	8632.0	9622.0	125.50	110.83	SUFFCLIP	71.62	36.21	3.00
2c4ad15a-2752-4c04-afba-17462aca8fa8	BNT162b2	1627	2.0	3.0	4355.0	6299.0	6492.0	7536.0	125.50	117.42	PASS	75.96	38.46	3.00
b46676a6-33a2-4d49-b192-bf1a1fefd448	BNT162b2	1657	2.0	3.0	5052.0	7169.0	7282.0	8729.0	115.85	127.00	SUFFCLIP	76.38	50.62	0.00
5bdacf9c-536e-4322-8a18-cf39f01738f3	BNT162b2	1863	2.0	3.0	7399.0	9348.0	9563.0	11138.0	125.50	140.67	ADAPTER	76.17	60.58	3.92
c569f264-fdc5-4f9d-bdd0-06d2d6c3329d	BNT162b2	1706	2.0	3.0	9260.0	11528.0	11757.0	12659.0	107.57	106.29	ADAPTER	75.96	27.18	3.14
c86babe2-b28e-4426-a38f-53f20e3e70f9	BNT162b2	1704	2.0	3.0	5356.0	7831.0	8062.0	9120.0	107.57	119.32	SUFFCLIP	83.36	32.75	3.21
10db4e73-1d00-4ccf-8bdb-29699c661b04	BNT162b2	1632	2.0	3.0	6744.0	9065.0	9348.0	10432.0	88.59	93.38	SUFFCLIP	63.24	26.85	3.29
bcb6f0a5-bb5d-44fb-ab6d-3fbe8e7ceb0b	BNT162b2	1856	2.0	3.0	6012.0	8053.0	8331.0	9211.0	120.48	112.84	PASS	76.60	30.16	6.08
989983ff-fccc-445f-96cb-21f593661725	BNT162b2	1629	2.0	3.0	10528.0	12274.0	12647.0	14616.0	97.16	116.77	ADAPTER	51.29	58.48	7.00
00746520-7a0f-4947-827e-2ee529365fe8	BNT162b2	1887	301.0	738.0	7733.0	9622.0	9794.0	10772.0	120.48	106.44	SUFFCLIP	70.52	34.08	1.84
490ddc57-102e-431f-b43b-1d70b7a55f03	BNT162b2	1891	263.0	588.0	5111.0	7088.0	8290.0	9470.0	115.85	152.54	SUFFCLIP	71.00	40.35	41.19
cbac987e-919b-4d5b-8d2d-e4f621b6f050	BNT162b2	1635	4.0	5.0	5770.0	7528.0	7740.0	8816.0	111.56	97.70	SUFFCLIP	60.07	34.81	2.81
1a195d01-3998-4c91-95cd-6c09a58796e2	BNT162b2	1850	2.0	3.0	11777.0	13948.0	14182.0	15705.0	79.26	88.29	ADAPTER	52.11	35.05	1.13
5cd8a48a-9af4-4295-a19b-8d1f67c82d97	BNT162b2	1969	2.0	3.0	5694.0	7711.0	7862.0	9124.0	125.50	127.79	SUFFCLIP	79.00	47.54	1.25
f40ce479-3913-4661-aea9-c72cff3d2d1e	BNT162b2	1896	2.0	3.0	3551.0	5315.0	5553.0	6440.0	115.85	96.00	SUFFCLIP	62.81	29.08	4.12
d852d791-a763-48f7-8b95-7b3cbbfff6aa	BNT162b2	2086	20.0	688.0	1244.0	1245.0	1399.0	1442.0	86.06	0.00	NOREGION	0.00	0.00	0.00
e8cdcb9d-732d-4a5a-aa23-3e6e9661df70	BNT162b2	2069	2.0	3.0	7374.0	9386.0	9591.0	10689.0	120.48	117.48	PASS	75.44	38.88	3.16
beaf6978-236b-4f9a-a134-2ac5bb5139e2	BNT162b2	2032	403.0	849.0	8048.0	10405.0	10641.0	11727.0	103.86	111.76	PASS	76.24	32.41	3.10
813ca72f-2c62-43e1-a05e-289222606cdc	BNT162b2	1951	2.0	3.0	4979.0	6739.0	6929.0	8259.0	115.85	111.04	PASS	62.65	46.12	2.27
8ea9c5c2-a0ff-420d-8866-9b06fbfaaa19	BNT162b2	2069	2.0	3.0	7426.0	9609.0	9786.0	10807.0	111.56	110.11	SUFFCLIP	75.81	32.78	1.52
ff41d255-454c-4464-863f-564fbb739c94	BNT162b2	1983	2.0	3.0	8775.0	10578.0	10792.0	12083.0	111.56	107.41	ADAPTER	61.74	42.78	2.89
80a213d6-8cd0-4b72-895c-9376ef7b8ac2	BNT162b2	2098	308.0	623.0	6265.0	8236.0	8483.0	9650.0	103.86	101.62	PASS	62.93	35.21	3.48
5646be7d-2894-4e9a-88cd-929eb7d2d017	BNT162b2	2058	2.0	3.0	6745.0	10243.0	133250.0	149971.0	107.57	5100.11	SUFFCLIP	119.89	592.14	4388.07
05bcd1ae-8290-4dd0-bacf-aa8f7c313fad	BNT162b2	2290	2.0	3.0	5624.0	7617.0	7841.0	8842.0	125.50	118.96	SUFFCLIP	78.00	36.67	4.29
041c7cd7-c5db-429d-aa3e-2158ec5bb22d	BNT162b2	2158	2.0	3.0	6443.0	8900.0	9106.0	10137.0	115.85	126.96	SUFFCLIP	89.46	34.62	2.88
b68a61cf-ee1d-4ee7-bb55-a876fb7b3daa	BNT162b2	2210	2.0	3.0	3234.0	5226.0	5390.0	6120.0	120.48	100.32	PASS	74.64	24.16	1.52
6438bbe8-9547-41df-8d25-c6aab5830ac9	BNT162b2	2469	2.0	3.0	4903.0	6589.0	6826.0	7715.0	115.85	93.04	SUFFCLIP	59.81	29.15	4.08
16fac004-7866-4d32-b190-59535282c893	BNT162b2	2718	525.0	910.0	7034.0	8739.0	8942.0	9827.0	107.57	84.64	SUFFCLIP	55.86	26.57	2.21
183ea9bd-0ec0-4810-a9c2-82478e91db31	BNT162b2	2323	3.0	4.0	7042.0	8687.0	8931.0	9956.0	120.48	101.44	SUFFCLIP	60.76	35.96	4.72
06b440bc-ca2b-4a40-bf2a-ce09e46ff618	BNT162b2	2323	2.0	3.0	5780.0	7628.0	7949.0	9049.0	107.57	101.64	SUFFCLIP	60.96	34.25	6.43
9104b395-da5c-45b8-b138-1179bef6357e	BNT162b2	2734	2.0	3.0	4868.0	6613.0	6789.0	7646.0	120.48	96.00	SUFFCLIP	64.76	29.24	2.00
0f398083-b8ef-4ae0-b21d-6cb25089775c	BNT162b2	2246	512.0	917.0	7152.0	8932.0	9166.0	10356.0	107.57	99.32	SUFFCLIP	58.54	37.46	3.32
0107ba5b-1d85-4832-b0af-6a00b9b2716d	unmap	4294967295	-1.0	-1.0	-1.0	-1.0	-1.00	-1.00	-1.00	-1.00	READ_FAILED_LOAD	-1.00	-1.00	-1.00
138c4f24-6c6c-474f-94ff-fa33c2e4c13a	BNT162b2	2800	2.0	3.0	5030.0	6788.0	6955.0	7648.0	120.48	89.60	SUFFCLIP	65.28	22.68	1.64
0197a306-081e-4c24-baeb-44db69fd1609	unmap	4294967295	2.0	3.0	5299.0	7941.0	8231.0	9318.0	111.56	133.74	PASS	92.81	35.22	5.70
655d9540-c627-467f-aead-314700ae06a0	BNT162b2	2766	2.0	3.0	7016.0	8869.0	9090.0	10149.0	100.40	89.33	SUFFCLIP	56.73	30.27	2.33
d2cbc48e-21ca-4c3e-9433-50397e1c4907	BNT162b2	2719	317.0	712.0	6335.0	8147.0	8373.0	9409.0	94.12	80.97	SUFFCLIP	51.59	27.34	2.03
c3463459-64bc-4848-a0a4-bd5c2c22e49a	BNT162b2	2806	2.0	3.0	4723.0	6666.0	6926.0	7854.0	111.56	100.85	SUFFCLIP	66.93	29.33	4.59
d60e050e-f05f-41fc-8bfe-6b2938b989c9	BNT162b2	3003	2.0	3.0	4428.0	6363.0	6600.0	7477.0	120.48	106.84	SUFFCLIP	72.36	30.04	4.44
7b9e971e-cb53-49ed-8429-89f75765417a	BNT162b2	2802	2.0	3.0	5022.0	7221.0	7441.0	8315.0	120.48	116.60	SUFFCLIP	82.92	29.92	3.76
03653d6a-ceaf-4300-a10d-3730fabad189	unmap	4294967295	287.0	592.0	6443.0	8295.0	8551.0	9323.0	125.50	104.87	PASS	72.12	27.12	5.62
398a497e-a13f-4b12-84f0-43d03c16fec8	BNT162b2	2802	2.0	3.0	9345.0	11642.0	11924.0	13073.0	88.59	94.56	SUFFCLIP	62.53	28.76	3.26
7248635e-0102-44b7-adee-837fb3a9b448	BNT162b2	3045	2.0	3.0	6563.0	9121.0	9458.0	10837.0	100.40	127.37	SUFFCLIP	80.23	40.93	6.20
0872f11d-1931-4154-8b1d-4833864be4ee	unmap	4294967295	-1.0	-1.0	-1.0	-1.0	-1.00	-1.00	-1.00	-1.00	READ_FAILED_LOAD	-1.00	-1.00	-1.00
05bcc02c-750d-4e21-b192-0b6753fbc79d	unmap	4294967295	2.0	3.0	9675.0	12060.0	12304.0	13584.0	103.86	119.69	ADAPTER	77.21	39.10	3.38
043be00f-32dd-46b7-8d45-9ec2559f7e38	unmap	4294967295	2.0	3.0	5392.0	7529.0	7722.0	8789.0	100.40	98.13	PASS	66.20	30.53	1.40
09dfb476-f2bf-4f88-9900-44f72cc0b8d0	unmap	4294967295	2.0	3.0	5421.0	7368.0	7697.0	8502.0	115.85	103.38	PASS	69.85	25.92	7.62
090eee2f-83e6-4621-ac9b-575aca17411a	unmap	4294967295	2.0	3.0	6156.0	8176.0	8762.0	9766.0	107.57	113.82	PASS	67.11	30.82	15.89
052dee1a-4365-4335-85a2-38deb428f7ac	unmap	4294967295	2.0	3.0	6500.0	8346.0	8628.0	9957.0	125.50	128.92	PASS	71.87	50.33	6.71
0ae6b665-2554-4bbd-b64e-9d3f0dcf1eee	unmap	4294967295	-1.0	-1.0	-1.0	-1.0	-1.00	-1.00	-1.00	-1.00	READ_FAILED_LOAD	-1.00	-1.00	-1.00
051628ce-d93d-4895-9924-c71fa69dc86e	unmap	4294967295	2.0	3.0	4742.0	6506.0	6720.0	7968.0	120.48	113.92	PASS	65.52	44.88	3.52
045c9a35-b34e-4164-93ff-b16542a94391	unmap	4294967295	2.0	3.0	5584.0	7864.0	8183.0	9861.0	107.57	137.64	PASS	76.39	54.89	6.36
0da28676-593e-40cc-b291-5969ea769c9f	unmap	4294967295	2.0	3.0	6129.0	8061.0	8296.0	9612.0	107.57	109.29	PASS	63.96	41.96	3.36
0d070903-b138-4519-beda-4975a8a6ef06	unmap	4294967295	2.0	3.0	4206.0	6170.0	6401.0	7336.0	115.85	105.27	PASS	70.50	30.92	3.85
0da9ab14-3f25-44a8-bc01-af705cf11d4e	unmap	4294967295	2.0	3.0	6577.0	8435.0	8600.0	9591.0	115.85	100.81	PASS	66.42	33.08	1.31
0dd1b467-53ba-46e6-81b0-d4ef14688887	unmap	4294967295	479.0	850.0	8018.0	9696.0	9990.0	11026.0	107.57	92.32	PASS	54.89	31.96	5.46
0f483e52-8148-4280-bc56-36a5822886a0	unmap	4294967295	2.0	3.0	6970.0	8724.0	8951.0	9897.0	111.56	93.30	PASS	59.93	30.00	3.37
073f452c-4324-46b7-b1da-b7ca9a21064d	unmap	4294967295	2.0	3.0	8946.0	11004.0	11186.0	12437.0	97.16	97.52	PASS	61.35	35.32	0.84
1185c1d1-418f-4f9e-826e-0512643f6d63	unmap	4294967295	-1.0	-1.0	-1.0	-1.0	-1.00	-1.00	-1.00	-1.00	READ_FAILED_LOAD	-1.00	-1.00	-1.00
0d8ebedc-c034-4e5b-8e0a-43328b694050	unmap	4294967295	2.0	3.0	7281.0	9075.0	9267.0	10363.0	100.40	87.63	PASS	54.77	31.50	1.37
0e630f13-5abf-4609-ad3b-736c272a5247	unmap	4294967295	2.0	3.0	5586.0	7444.0	7678.0	8738.0	103.86	93.59	PASS	59.03	31.52	3.03
0ec6fb3f-72e0-4a21-adb2-04ceabf2b182	unmap	4294967295	2.0	3.0	7121.0	9068.0	9314.0	10518.0	120.48	120.76	PASS	72.84	43.12	4.80
0f41a305-399d-4990-8546-36da1aad8408	unmap	4294967295	2.0	3.0	6746.0	8834.0	9091.0	10161.0	115.85	116.23	PASS	75.27	36.12	4.85
15104a50-43d3-48fd-a727-88f5a6c831ee	unmap	4294967295	2.0	3.0	6309.0	8820.0	9133.0	10130.0	115.85	131.85	PASS	91.54	33.31	7.00
16b38670-8443-4798-adc3-522f6bd64187	unmap	4294967295	2.0	3.0	9522.0	11371.0	11552.0	12555.0	125.50	111.25	ADAPTER	72.00	36.75	2.50
1261c31f-3b42-4c04-8471-b4617fa64c24	unmap	4294967295	2.0	3.0	4863.0	6933.0	7187.0	8238.0	120.48	119.88	PASS	77.76	37.00	5.12
104d7fc4-1f87-49c6-a9d9-94e5ec100379	unmap	4294967295	2.0	3.0	4261.0	6014.0	6220.0	7255.0	130.96	115.04	PASS	71.17	39.96	3.91
1a2bedd5-67ee-44b6-b33a-09636b3790e4	unmap	4294967295	135.0	331.0	3204.0	5984.0	6160.0	6982.0	130.96	149.13	PASS	115.83	30.70	2.61
0e6d9c0f-f5f9-48ef-a4ed-d484b76364c8	unmap	4294967295	133.0	385.0	5599.0	7520.0	7778.0	9343.0	125.50	140.87	PASS	75.00	60.17	5.71
19ce0234-7268-4314-9bfd-d48df39ab66a	unmap	4294967295	175.0	394.0	3597.0	5444.0	5642.0	6604.0	120.48	105.16	PASS	68.84	33.44	2.88
1d7c2662-8937-4715-b447-d1fb99870e8a	unmap	4294967295	2.0	3.0	5278.0	7252.0	7457.0	8818.0	125.50	132.37	PASS	77.21	51.67	3.50
1d96738c-fb25-496d-bc50-0804752da7e4	unmap	4294967295	2.0	3.0	4295.0	6322.0	6622.0	7610.0	130.96	129.00	PASS	83.09	37.91	8.00
1d0c3a7f-8391-4094-af6e-829930189424	unmap	4294967295	376.0	666.0	5713.0	7675.0	7887.0	8705.0	125.50	109.54	PASS	76.71	29.04	3.79
1bf77ade-7a76-471a-aded-6ebf4a22300c	unmap	4294967295	2.0	3.0	4505.0	6337.0	41350.0	47130.0	120.48	1689.88	PASS	68.24	226.16	1395.48
1f8d1b13-ba6a-45e2-95f9-30ab199b390d	unmap	4294967295	2.0	3.0	5155.0	7014.0	7325.0	8248.0	125.50	113.75	PASS	72.42	33.42	7.92
234dccc5-d4c9-4da8-aea4-24b57fa04b2f	unmap	4294967295	2.0	4.0	5884.0	7976.0	8187.0	9440.0	111.56	116.59	PASS	72.44	41.37	2.78
1bd7e623-143e-4f9f-bf30-9789d0028e0e	unmap	4294967295	2.0	3.0	5323.0	7405.0	7585.0	8984.0	100.40	106.93	PASS	64.37	41.60	0.97
27f5e2cb-c70b-46f9-8863-236082929334	unmap	4294967295	191.0	371.0	4999.0	6649.0	6821.0	8328.0	107.57	103.79	PASS	53.89	48.79	1.11
218e06e0-f55f-4089-a794-d468a1e9929f	unmap	4294967295	325.0	951.0	9995.0	12001.0	12278.0	13093.0	103.86	91.72	ADAPTER	64.14	23.07	4.52
1b72f68d-70d0-49d5-8d36-cf8b6904a4e7	unmap	4294967295	2.0	3.0	6340.0	8225.0	8433.0	9290.0	103.86	86.62	PASS	59.97	24.52	2.14
1948c1b4-44fd-40e4-9dc4-499180a29c94	unmap	4294967295	2.0	3.0	6984.0	8915.0	9126.0	10172.0	100.40	91.17	PASS	59.33	29.83	2.00
23abe1c6-287d-4cbe-8a39-57dc2c04a772	unmap	4294967295	2.0	3.0	8046.0	9901.0	10186.0	10962.0	100.40	82.10	PASS	56.80	20.83	4.47
1e431288-1752-4ba9-87bd-41c3e394b833	unmap	4294967295	2.0	3.0	8895.0	10527.0	10698.0	13284.0	120.48	160.44	ADAPTER	60.24	98.40	1.80
258e43a7-8ee7-44dd-8abe-ceeee0f310d9	unmap	4294967295	2.0	3.0	4882.0	6826.0	7096.0	7934.0	107.57	93.89	PASS	64.39	24.89	4.61
2946818f-2e72-4b6f-a4d9-38b05e0de02c	unmap	4294967295	2.0	3.0	5673.0	7586.0	7745.0	8790.0	115.85	104.77	PASS	68.54	35.15	1.08
29367f35-497f-4a95-9432-54c74b54ca1c	unmap	4294967295	2.0	3.0	3589.0	5487.0	5764.0	6790.0	103.86	95.28	PASS	60.41	30.34	4.52
30392262-b90f-41f4-a6ec-e908636d7f5c	unmap	4294967295	2.0	3.0	4984.0	6676.0	6889.0	7777.0	115.85	92.31	PASS	60.04	29.12	3.15
2807d83f-a67c-4ae4-84a4-5d813b4a206a	unmap	4294967295	2.0	3.0	7168.0	9287.0	9469.0	10626.0	111.56	112.96	PASS	73.44	37.81	1.70
3067677e-5428-4d2c-a71d-632a7f2cbc53	unmap	4294967295	2.0	3.0	5126.0	7243.0	7396.0	8444.0	111.56	107.78	PASS	73.37	33.78	0.63
13c84456-e0d9-431c-8703-733c6d69babc	unmap	4294967295	2.0	3.0	7780.0	10289.0	10439.0	11663.0	115.85	134.23	PASS	91.46	42.04	0.73
12e6cd6a-9b90-4f0c-8981-48a775229ea0	unmap	4294967295	2.0	3.0	8942.0	10935.0	11130.0	12484.0	107.57	111.39	ADAPTER	66.14	43.32	1.93
28f67f11-f666-4f3b-bba2-de981ee44f84	unmap	4294967295	2.0	3.0	6666.0	11103.0	11325.0	12653.0	88.59	161.00	PASS	125.47	34.03	1.50
2a727c46-743e-4a81-815e-52985c80a919	unmap	4294967295	2.0	3.0	5589.0	7738.0	7922.0	9096.0	111.56	114.78	PASS	74.56	38.44	1.78
2cd43b5e-b0ae-456c-89ab-cf38285960e0	unmap	4294967295	2.0	3.0	5235.0	7199.0	7446.0	8487.0	107.57	101.04	PASS	65.11	32.14	3.79
300c1865-b941-472d-b78a-e158c8405520	unmap	4294967295	2.0	3.0	6736.0	8965.0	9192.0	10103.0	130.96	131.26	PASS	91.87	34.57	4.83
127ec8e7-413f-48d1-a3b2-047048ade886	unmap	4294967295	2.0	3.0	9236.0	13186.0	13623.0	15959.0	83.67	171.67	PASS	104.69	59.86	7.11
31b3b26e-ae30-4217-8875-b2186a4d5901	unmap	4294967295	2.0	3.0	6120.0	8103.0	8246.0	9264.0	107.57	97.18	PASS	65.79	31.32	0.07
1404d5c4-22d9-4dba-8575-8501f0914e0c	unmap	4294967295	196.0	786.0	5681.0	7534.0	7756.0	8911.0	115.85	109.12	PASS	66.23	39.38	3.50
214da81a-c323-4ee3-9fa1-d810cf7976d9	unmap	4294967295	2.0	3.0	4131.0	6166.0	15648.0	20172.0	120.48	626.52	PASS	76.36	175.92	374.24
214d1c92-fda8-45c4-a639-3cc138464afa	unmap	4294967295	158.0	434.0	6616.0	6621.0	6623.0	7018.0	125.50	11.42	NOREGION	0.00	11.42	0.00
23535cf2-220f-4121-b42f-ca75c1b3cf21	unmap	4294967295	2.0	3.0	5344.0	6954.0	7097.0	7976.0	120.48	90.16	PASS	59.36	30.12	0.68
25274f75-caeb-4357-b77e-56f4e68fe26c	unmap	4294967295	225.0	452.0	5730.0	8165.0	8496.0	9973.0	100.40	126.33	PASS	76.13	44.20	6.00
26f7ea7b-547b-4299-a159-790a12170eb3	unmap	4294967295	2.0	3.0	5551.0	7377.0	7667.0	8535.0	120.48	104.24	PASS	68.00	29.68	6.56
296004d6-abd1-4de3-b269-616532972ec2	unmap	4294967295	2.0	3.0	5051.0	7042.0	7289.0	8291.0	103.86	96.62	PASS	63.62	29.52	3.48
22c5916d-7203-45ae-8f4b-b4e291f62041	unmap	4294967295	2.0	3.0	5100.0	7075.0	7245.0	7830.0	103.86	79.03	PASS	63.07	15.14	0.83
194f0f45-21e3-4f7b-991b-6e2f9520b39b	unmap	4294967295	2.0	3.0	7018.0	10375.0	10811.0	13259.0	71.71	133.52	PASS	74.90	53.26	5.36
2cd09486-05e3-4f65-a542-048b9d278993	unmap	4294967295	8.0	10.0	11.0	13.0	1372.0	1620.0	130.96	59.78	NOREGION	0.00	5.74	54.04
1ba0a9fd-6054-43a3-8870-d5226738f6eb	unmap	4294967295	2.0	3.0	5208.0	6897.0	7075.0	7975.0	120.48	95.56	PASS	62.52	30.96	2.08
2dfe2ed1-ad96-4f3e-8466-f35b68d29cdf	unmap	4294967295	2.0	3.0	7463.0	9378.0	9628.0	10648.0	115.85	107.38	PASS	68.62	34.19	4.58
2b78f9b3-4a10-49ee-bdb0-ec052357662a	unmap	4294967295	2.0	3.0	13844.0	17246.0	17569.0	20276.0	79.26	154.18	ADAPTER	84.50	66.21	3.47
29e85098-4e41-4e4d-a333-73612afb46f3	unmap	4294967295	2.0	3.0	5010.0	7149.0	7330.0	8177.0	125.50	116.83	PASS	84.08	30.25	2.50
2d84b00b-8d6b-4015-bef5-f11ad148bf9c	unmap	4294967295	2.0	3.0	6262.0	8191.0	8425.0	9705.0	120.48	122.60	PASS	72.12	46.16	4.32
2f80f656-a694-4988-ba91-12dd86b78662	unmap	4294967295	194.0	765.0	6129.0	8390.0	8690.0	9740.0	107.57	113.86	PASS	75.71	32.46	5.68
31a4b797-01ee-4ef5-84ae-9f27b55afcf3	unmap	4294967295	2.0	3.0	5571.0	9308.0	9950.0	11499.0	107.57	196.61	PASS	128.43	50.29	17.89
31357769-4ad6-4c93-a795-f40369a05513	unmap	4294967295	2.0	3.0	4389.0	6673.0	6912.0	8093.0	103.86	112.62	PASS	73.72	35.69	3.21
2d6fdc1d-c242-453a-9cbf-02c43e1687d1	unmap	4294967295	2.0	3.0	12131.0	14778.0	15072.0	16287.0	111.56	138.81	ADAPTER	93.00	39.96	5.85
3187670c-62bd-48c7-985b-cd6d3a739a18	unmap	4294967295	2.0	3.0	4933.0	6949.0	7194.0	8167.0	115.85	109.27	PASS	72.50	32.38	4.38
2f21caaa-d659-47d1-ac58-766d3c3f4f3f	unmap	4294967295	2.0	3.0	5676.0	8829.0	72443.0	82912.0	107.57	2743.32	PASS	107.57	368.86	2266.89
32c5f6ea-7414-4639-b2fd-ac2d9be72119	unmap	4294967295	414.0	727.0	6077.0	8141.0	8317.0	9146.0	115.85	102.92	PASS	74.35	26.85	1.73
3617b668-e2a3-44d2-8655-d52235f3b4b6	unmap	4294967295	-1.0	-1.0	-1.0	-1.0	-1.00	-1.00	-1.00	-1.00	READ_FAILED_LOAD	-1.00	-1.00	-1.00
3557911f-500b-4b88-b4ee-2076a9074194	unmap	4294967295	2.0	3.0	6778.0	8882.0	9136.0	10015.0	103.86	96.52	PASS	67.52	25.28	3.72
32104078-6444-4f01-b1bf-d9c59eb0027f	unmap	4294967295	2.0	3.0	7108.0	9146.0	9361.0	10779.0	103.86	111.48	PASS	65.24	43.86	2.38
3466d849-4cb1-4b21-af52-c28ee30e4e96	unmap	4294967295	2.0	3.0	7627.0	9461.0	9735.0	10749.0	100.40	88.97	PASS	56.10	28.77	4.10
363c4364-4c84-453d-a3d4-9ad2b7a5bdb1	unmap	4294967295	2.0	3.0	6556.0	8160.0	8471.0	9336.0	120.48	96.08	PASS	59.12	29.56	7.40
344daa36-d134-45bf-8547-04f506e5eb26	unmap	4294967295	2.0	3.0	6556.0	8110.0	8423.0	9334.0	111.56	87.78	PASS	52.52	28.70	6.56
353e5753-facf-45cb-a3ca-af269003a362	unmap	4294967295	2.0	3.0	5496.0	7397.0	7597.0	8863.0	103.86	101.00	PASS	60.52	38.62	1.86
32ef0575-6282-40d7-8ccf-afe56130f153	unmap	4294967295	2.0	3.0	5376.0	7017.0	7218.0	7961.0	120.48	88.28	PASS	60.60	24.68	3.00
322eb7d4-9a1b-4360-b763-94213ade38f7	unmap	4294967295	2.0	3.0	7583.0	9786.0	10017.0	11234.0	111.56	120.11	PASS	76.56	40.04	3.52
31542560-8dc6-4579-8955-3df6bb4e97d1	unmap	4294967295	2.0	3.0	8036.0	10350.0	10494.0	11748.0	97.16	105.03	PASS	69.61	35.42	0.00
364ac976-59f7-4b2c-a689-f726a857985b	unmap	4294967295	2.0	3.0	5731.0	7385.0	7611.0	8559.0	115.85	93.65	PASS	58.58	31.42	3.65
36341ded-fb73-42d5-a0fb-4f90e9c9e12d	unmap	4294967295	2.0	3.0	10252.0	13020.0	13273.0	14879.0	81.41	109.97	PASS	69.78	38.38	1.81
3c1aa7bc-1774-4756-90f2-554620353ea3	unmap	4294967295	2.0	3.0	4161.0	6126.0	6389.0	7768.0	130.96	141.70	PASS	80.39	54.91	6.39
41a8d962-4d67-46ca-904d-dbf0023df51d	unmap	4294967295	-1.0	-1.0	-1.0	-1.0	-1.00	-1.00	-1.00	-1.00	READ_FAILED_LOAD	-1.00	-1.00	-1.00
3c3c1f06-8667-4bf1-b297-a5a1ee74614a	unmap	4294967295	262.0	509.0	8357.0	10458.0	10722.0	12194.0	97.16	108.68	PASS	62.74	42.45	3.48
39b12f1b-f2a2-4a28-a0b7-3c002c5344ba	unmap	4294967295	2.0	3.0	5691.0	7897.0	8205.0	9180.0	111.56	114.11	PASS	76.67	31.07	6.37
375bfbb6-bc51-41d8-9eb3-8ecafbf98a68	unmap	4294967295	2.0	3.0	5278.0	7266.0	7518.0	8493.0	111.56	103.96	PASS	68.59	31.07	4.30
36c7f853-3e97-4c69-9875-30ebec4e89fb	unmap	4294967295	2.0	3.0	6327.0	8406.0	8675.0	9749.0	97.16	95.29	PASS	62.03	29.61	3.65
3ce5d583-4110-4f19-845f-147b7d5cc2c0	unmap	4294967295	2.0	3.0	7297.0	9069.0	9443.0	10578.0	115.85	111.08	PASS	63.12	38.62	9.35
426b42c2-b193-4a8e-a8cb-930c06f9df86	unmap	4294967295	2.0	3.0	4709.0	7109.0	7352.0	8128.0	115.85	116.38	PASS	87.27	24.81	4.31
427bfb70-d19d-4f4c-8261-5b9375872990	unmap	4294967295	2.0	3.0	4334.0	6440.0	6729.0	7610.0	120.48	115.92	PASS	79.20	30.20	6.52
44632039-edda-4e44-8c7c-b083fa779710	unmap	4294967295	2.0	3.0	4692.0	6359.0	6579.0	7623.0	107.57	89.57	PASS	54.50	32.25	2.82
44b09cd6-fdaf-4406-889f-dbe3cde84f13	unmap	4294967295	2.0	3.0	6171.0	7968.0	8168.0	9168.0	100.40	84.80	PASS	54.87	28.30	1.63
25e790ef-e4bc-4450-a5a9-789e23985cf6	unmap	4294967295	2.0	3.0	4509.0	7051.0	7377.0	9352.0	79.26	112.37	PASS	61.87	46.95	3.55
437179a3-33b7-4a73-aaca-c773f13d9445	unmap	4294967295	2.0	3.0	4816.0	6989.0	7255.0	9622.0	125.50	185.12	PASS	85.50	93.58	6.04
3ae6a508-b1d3-4071-93f4-0c01ffffa378	unmap	4294967295	2.0	3.0	3533.0	6023.0	6188.0	8157.0	130.96	185.91	PASS	103.22	80.57	2.13
42b142b8-e958-47fe-bc3f-fdcefba18c78	unmap	4294967295	2.0	3.0	4020.0	6214.0	6591.0	7379.0	107.57	104.86	PASS	73.32	23.11	8.43
3f19c81c-8304-4a0f-a514-c2102d11f335	unmap	4294967295	178.0	482.0	6234.0	8354.0	8519.0	9740.0	120.48	125.12	PASS	79.76	43.80	1.56
465d8e25-fa23-4cd0-8f18-feefce19dd90	unmap	4294967295	2.0	3.0	5746.0	8859.0	37933.0	50163.0	130.96	1916.04	PASS	130.30	526.70	1259.04
475375bd-1176-4e1e-ba81-8bb937e72748	unmap	4294967295	2.0	3.0	5232.0	7140.0	7399.0	8313.0	125.50	113.25	PASS	74.46	33.04	5.75
44550e3a-88d1-47ff-a53d-df098790c421	unmap	4294967295	2.0	3.0	6800.0	8689.0	8876.0	9922.0	120.48	109.76	PASS	70.52	36.80	2.44
4280398c-224a-4715-aad4-4820f9e9a4f2	unmap	4294967295	2.0	3.0	7191.0	9134.0	9291.0	10519.0	103.86	99.66	PASS	61.97	37.31	0.38
47e34c91-3f57-4651-a8d7-f6ef5b05fd39	unmap	4294967295	-1.0	-1.0	-1.0	-1.0	-1.00	-1.00	-1.00	-1.00	READ_FAILED_LOAD	-1.00	-1.00	-1.00
46fc6bf4-ec43-448e-af69-58a72bfbe55c	unmap	4294967295	2.0	3.0	6929.0	8927.0	9158.0	9849.0	111.56	93.04	PASS	68.96	20.56	3.52
485ab04b-edf6-492d-8814-496844dafe45	unmap	4294967295	2.0	3.0	6436.0	9014.0	9232.0	10117.0	107.57	116.36	PASS	87.04	26.57	2.75
47399e69-a989-4d3c-bb22-f463ea036706	unmap	4294967295	2.0	3.0	5554.0	7541.0	7787.0	8855.0	100.40	94.93	PASS	61.20	30.57	3.17
4a50a26e-9053-4020-9f6b-a840df276802	unmap	4294967295	-1.0	-1.0	-1.0	-1.0	-1.00	-1.00	-1.00	-1.00	READ_FAILED_LOAD	-1.00	-1.00	-1.00
46418dce-285d-4305-97bb-81c1c1b38f32	unmap	4294967295	512.0	939.0	6195.0	8114.0	8340.0	9428.0	111.56	104.63	PASS	66.04	35.26	3.33
4b6a025b-d477-4df1-be29-312926d998d2	unmap	4294967295	2.0	3.0	3956.0	5717.0	6007.0	6894.0	136.91	118.41	PASS	75.00	35.27	8.14
4e7e5b9b-0ade-4479-94fe-3dc109de6ca5	unmap	4294967295	2.0	3.0	5333.0	7159.0	7408.0	8320.0	115.85	99.77	PASS	65.19	30.04	4.54
4f5d1ba1-ecf6-4a31-b96b-bf06d8941f81	unmap	4294967295	2.0	3.0	5304.0	7677.0	7978.0	8970.0	120.48	131.52	PASS	89.88	34.64	7.00
4d26728c-185d-488d-bbda-ac297d77ea4f	unmap	4294967295	2.0	3.0	8947.0	11420.0	11645.0	12570.0	111.56	119.07	ADAPTER	86.56	29.22	3.30
4dec88e5-9f71-4f01-aea1-3f5e4fba8a01	unmap	4294967295	144.0	557.0	6151.0	8766.0	8979.0	9899.0	111.56	123.70	PASS	91.81	29.04	2.85
4e492edd-52dc-48dd-b15d-6f28a1626f2b	unmap	4294967295	2.0	3.0	5665.0	7515.0	7769.0	8740.0	115.85	103.15	PASS	66.12	32.31	4.73
469de3a1-2831-472d-93c0-233b3b98fe9f	unmap	4294967295	187.0	406.0	5230.0	7150.0	7420.0	8208.0	125.50	108.96	PASS	74.96	27.79	6.21
4e216e41-6416-4263-a980-aa3730d636e9	unmap	4294967295	2.0	3.0	5812.0	7369.0	7634.0	8525.0	130.96	102.83	PASS	62.65	33.70	6.48
52544170-ca6e-4612-811c-04e6c4b04ccb	unmap	4294967295	-1.0	-1.0	-1.0	-1.0	-1.00	-1.00	-1.00	-1.00	READ_FAILED_LOAD	-1.00	-1.00	-1.00
4fdeeb21-d2ef-4064-a145-cdcfafe8b9e7	unmap	4294967295	2.0	3.0	5109.0	5126.0	7320.0	8698.0	125.50	138.75	PASS	0.00	52.37	86.37
46bc2424-6171-49b8-86f9-4c16ac53d3ed	unmap	4294967295	99.0	197.0	5621.0	7327.0	7486.0	8431.0	120.48	97.28	PASS	63.20	32.76	1.32
5549546e-9058-4bc9-b59f-5ede7e918360	unmap	4294967295	2.0	3.0	5446.0	7464.0	7644.0	8802.0	107.57	104.75	PASS	67.04	36.32	1.39
53d1f0d2-5d88-4d92-973f-b01545dba995	unmap	4294967295	2.0	3.0	5178.0	7417.0	7719.0	9608.0	107.57	143.11	PASS	74.93	62.43	5.75
4791a72f-b445-41a7-9354-cb0832c03055	unmap	4294967295	2.0	3.0	8401.0	10563.0	10826.0	12001.0	97.16	101.03	PASS	64.71	32.87	3.45
51145210-37f7-4c93-afe8-86eeded6654e	unmap	4294967295	2.0	3.0	5465.0	7189.0	7346.0	8340.0	103.86	84.03	PASS	54.41	29.24	0.38
55f33709-57c7-4d53-a1ed-dd896d337ead	unmap	4294967295	-1.0	-1.0	-1.0	-1.0	-1.00	-1.00	-1.00	-1.00	READ_FAILED_LOAD	-1.00	-1.00	-1.00
53b6f234-3f16-4bbc-8a3c-d24e6c101fd2	unmap	4294967295	2.0	10.0	8148.0	9799.0	9976.0	10978.0	115.85	93.73	ADAPTER	58.46	33.50	1.77
548a2871-867f-41f5-96c6-773cb8c8fea1	unmap	4294967295	2.0	3.0	4820.0	7379.0	7526.0	8381.0	120.48	127.32	PASS	97.32	29.16	0.84
52ad5f49-b51d-4a09-b55a-4c503e09103b	unmap	4294967295	204.0	1212.0	7969.0	9836.0	10037.0	11041.0	100.40	87.30	PASS	57.20	28.43	1.67
5052bee4-fca6-4eb3-876b-f921c3ad2ab4	unmap	4294967295	2.0	3.0	6479.0	8575.0	8752.0	10036.0	115.85	121.69	PASS	75.58	44.35	1.77
510e8a32-8a6d-47e3-9218-7714b1e7c337	unmap	4294967295	2.0	3.0	5633.0	7476.0	7775.0	9153.0	111.56	115.26	PASS	63.22	46.00	6.04
4c22af2d-4086-4fbe-9de6-c6293e50fb61	unmap	4294967295	2.0	3.0	6985.0	8693.0	8898.0	10155.0	120.48	111.68	PASS	63.28	45.24	3.16
57fb6b4b-73b2-4711-8ce8-2c8a4879b2ff	unmap	4294967295	2.0	3.0	4668.0	6206.0	6407.0	7203.0	111.56	78.78	PASS	51.93	24.44	2.41
5848754d-f309-4284-89e9-7991b90fa31a	unmap	4294967295	53.0	207.0	4896.0	6636.0	6856.0	7734.0	120.48	98.40	PASS	64.56	30.08	3.76
58f19cbe-9396-4be5-ba03-f1ec22163afb	unmap	4294967295	280.0	1318.0	6880.0	8547.0	8652.0	9523.0	107.57	80.57	PASS	54.50	26.07	0.00
55556886-d89d-424a-8240-45ed85c72b87	unmap	4294967295	2.0	3.0	7191.0	9713.0	9888.0	10827.0	103.86	110.28	PASS	81.93	27.34	1.00
5b418215-f247-4741-ae0e-071a8fd3b317	unmap	4294967295	2.0	3.0	5880.0	7861.0	8119.0	9361.0	120.48	124.12	PASS	74.20	44.64	5.28
5a7981db-6a8c-43c9-b8b9-c55181a92e2c	unmap	4294967295	-1.0	-1.0	-1.0	-1.0	-1.00	-1.00	-1.00	-1.00	READ_FAILED_LOAD	-1.00	-1.00	-1.00
59efee8c-8d09-44a9-9ff9-11388323dbdf	unmap	4294967295	305.0	835.0	8554.0	11697.0	12268.0	14044.0	75.30	122.17	PASS	73.55	39.37	9.25
57715022-49a8-4485-ab19-43bf3e90d691	unmap	4294967295	2.0	3.0	5536.0	7732.0	7986.0	8902.0	120.48	119.52	PASS	82.80	31.60	5.12
596e769f-5771-4488-8a05-f61f1598db72	unmap	4294967295	13.0	263.0	326.0	410.0	468.0	583.0	115.85	0.00	PASS	0.00	0.00	0.00
5ee66a3c-1b17-421c-838d-782fe06084a7	unmap	4294967295	-1.0	-1.0	-1.0	-1.0	-1.00	-1.00	-1.00	-1.00	READ_FAILED_LOAD	-1.00	-1.00	-1.00
5fc56580-1cda-4dca-ba6f-66059a72f59c	unmap	4294967295	-1.0	-1.0	-1.0	-1.0	-1.00	-1.00	-1.00	-1.00	READ_FAILED_LOAD	-1.00	-1.00	-1.00
5c5c474b-8b17-4c7d-b052-88b585340b38	unmap	4294967295	2.0	3.0	6155.0	8076.0	8247.0	9250.0	125.50	113.83	PASS	75.00	36.75	2.08
5cec6978-3906-4d40-820f-a3b9365d2171	unmap	4294967295	2.0	3.0	3691.0	5424.0	5639.0	6589.0	120.48	100.80	PASS	64.28	32.96	3.56
5abe8240-417d-4e88-9a70-b31ccaf36a66	unmap	4294967295	2.0	3.0	5000.0	6641.0	6859.0	7782.0	120.48	96.16	PASS	60.60	31.88	3.68
6010523e-8cb3-4489-8894-eab7d72f550a	unmap	4294967295	2.0	3.0	5457.0	7717.0	7998.0	9279.0	120.48	137.76	PASS	85.36	46.20	6.20
5fc8dc26-bbd7-4b84-b635-4ed4ea3e39c8	unmap	4294967295	2.0	3.0	6719.0	8632.0	8866.0	10122.0	107.57	106.43	PASS	63.29	39.82	3.32
608fab32-e34e-4454-906e-0ed6a324e931	unmap	4294967295	2.0	3.0	4737.0	7387.0	7613.0	8788.0	107.57	129.57	PASS	89.61	36.93	3.04
5a83ea5c-f4ef-4543-96d0-d1e7f663d049	unmap	4294967295	2.0	3.0	6794.0	8611.0	8820.0	9744.0	107.57	90.25	PASS	59.86	27.96	2.43
621c2fa8-048e-466b-86f1-12007b91fc7f	unmap	4294967295	2.0	3.0	5221.0	7427.0	7646.0	8956.0	115.85	128.54	PASS	79.81	45.35	3.38
61854155-e87f-4028-8667-16433c2a4d01	unmap	4294967295	2.0	3.0	6159.0	8083.0	8377.0	9049.0	125.50	105.29	PASS	75.12	22.96	7.21
6751871d-e483-4589-8fe5-316b4b55ca3c	unmap	4294967295	-1.0	-1.0	-1.0	-1.0	-1.00	-1.00	-1.00	-1.00	READ_FAILED_LOAD	-1.00	-1.00	-1.00
5e79ed1d-4daf-41a6-8a56-cb24d84bea91	unmap	4294967295	136.0	527.0	6657.0	8572.0	8771.0	9774.0	111.56	100.33	PASS	65.89	32.11	2.33
63393d56-93f7-43d9-ba29-9b18804f3839	unmap	4294967295	160.0	334.0	8328.0	10264.0	10542.0	11791.0	107.57	108.57	PASS	64.11	39.57	4.89
6149d19b-16d6-4fa3-97ea-310c5bfefa06	unmap	4294967295	2.0	289.0	338.0	732.0	3566.0	4038.0	81.41	84.92	PASS	5.62	7.73	71.57
6341e2bf-baa5-4915-bca6-616396aef670	unmap	4294967295	2.0	3.0	4392.0	6079.0	23146.0	26100.0	120.48	853.20	PASS	62.44	113.12	677.64
62f1ddfa-76b3-43ed-9710-fd821e08bcb1	unmap	4294967295	2.0	3.0	4341.0	6223.0	6483.0	7273.0	120.48	102.16	PASS	70.24	26.56	5.36
677f8268-b309-4583-aa68-280e7d8440f7	unmap	4294967295	184.0	507.0	4924.0	6770.0	7006.0	7992.0	120.48	107.60	PASS	68.80	34.40	4.40
56e273d7-be1d-46e2-8bad-88ff87ce1f33	unmap	4294967295	2.0	3.0	5327.0	7785.0	7964.0	8980.0	120.48	131.00	PASS	93.28	35.60	2.12
6551a309-ba53-4561-b5fb-07433fd66efe	unmap	4294967295	144.0	1752.0	4919.0	7703.0	7982.0	8777.0	103.86	117.93	PASS	90.97	22.38	4.59
67ac6d88-10c1-44ef-9524-2792fe6cc1ac	unmap	4294967295	2.0	3.0	5684.0	8172.0	8440.0	9669.0	107.57	127.21	PASS	83.82	38.86	4.54
621b4159-6c52-4bfe-a9f8-03e91e62f981	unmap	4294967295	2.0	3.0	5740.0	7645.0	7810.0	8800.0	111.56	98.22	PASS	65.52	31.63	1.07
69d15f95-1533-4580-b15a-aa28adfc3e09	unmap	4294967295	2.0	3.0	5620.0	7830.0	8106.0	9680.0	107.57	129.89	PASS	73.89	51.18	4.82
6944a947-bd0b-45b5-94d7-5410b3716203	unmap	4294967295	2.0	3.0	6706.0	8975.0	9211.0	10212.0	115.85	119.73	PASS	82.23	33.46	4.04
695f6911-3e91-4ddf-9142-c1d25fca27d1	unmap	4294967295	2.0	3.0	3531.0	5859.0	6129.0	7782.0	103.86	131.48	PASS	75.24	51.97	4.28
683753ab-f128-47fe-bf5b-c13618337eb3	unmap	4294967295	-1.0	-1.0	-1.0	-1.0	-1.00	-1.00	-1.00	-1.00	READ_FAILED_LOAD	-1.00	-1.00	-1.00
6b609e18-2748-4fa0-898c-63e251abe0d3	unmap	4294967295	2.0	3.0	5971.0	7994.0	8250.0	9627.0	120.48	131.12	PASS	75.88	50.04	5.20
6dea476f-5666-473a-a8dc-a3d405659f15	unmap	4294967295	-1.0	-1.0	-1.0	-1.0	-1.00	-1.00	-1.00	-1.00	READ_FAILED_LOAD	-1.00	-1.00	-1.00
685c6b23-d3d5-402c-b1aa-5c3167d9b91f	unmap	4294967295	2.0	3.0	5719.0	7525.0	7714.0	8352.0	125.50	94.58	PASS	70.21	21.54	2.83
6d97c130-975d-4f77-89fb-3d17e0414e95	unmap	4294967295	2.0	3.0	7669.0	9564.0	9782.0	11040.0	103.86	101.14	PASS	60.31	38.34	2.48
6e1effca-0616-447f-9b9a-96b446599ad5	unmap	4294967295	2.0	3.0	3534.0	5868.0	6176.0	7227.0	100.40	108.00	PASS	72.77	30.00	5.23
6be2e862-6019-480c-9cdc-f9a366875ae7	unmap	4294967295	2.0	3.0	6238.0	8372.0	8599.0	10133.0	125.50	147.17	PASS	83.87	58.87	4.42
55f3df2c-9b87-40b8-ae8b-7c2f454b96d0	unmap	4294967295	2.0	3.0	5358.0	8004.0	8172.0	9707.0	100.40	129.87	PASS	83.17	46.13	0.57
6f4ccac7-5555-48e3-a0c4-53b77fffb8d5	unmap	4294967295	2.0	3.0	6862.0	8931.0	9265.0	10826.0	111.56	131.70	PASS	71.59	52.78	7.33
72378f62-8c91-4326-8edc-5d4110a7cc58	unmap	4294967295	2.0	3.0	4240.0	6285.0	6448.0	7203.0	125.50	108.33	PASS	80.17	26.42	1.75
69de5942-4258-43cc-9659-f070c6de3bbf	unmap	4294967295	538.0	1687.0	16811.0	19028.0	19230.0	20634.0	107.57	121.43	ADAPTER	74.14	45.11	2.18
6d799829-c29f-40e2-a6d3-6ab457ea6afe	unmap	4294967295	2.0	3.0	4712.0	6181.0	6364.0	7202.0	115.85	80.65	PASS	51.46	27.19	2.00
765aa7af-0c90-4811-b5f3-f303b600af9f	unmap	4294967295	233.0	520.0	6061.0	8597.0	8840.0	10062.0	111.56	133.07	PASS	88.89	40.22	3.96
738912fa-7581-4bd9-bb4f-25cd7f6eba72	unmap	4294967295	2.0	3.0	6201.0	8543.0	8716.0	9783.0	103.86	108.41	PASS	75.72	31.76	0.93
7013c169-1db0-46c3-88b3-8c760d58d4df	unmap	4294967295	2.0	3.0	5450.0	7413.0	7592.0	9257.0	107.57	120.86	PASS	65.07	54.43	1.36
7469050c-e833-45ad-9fcb-7ff220a027d8	unmap	4294967295	2.0	3.0	4549.0	6593.0	6899.0	8001.0	115.85	117.65	PASS	73.58	37.35	6.73
7472aba6-ce28-48c6-94c7-e3d6c065af4a	unmap	4294967295	2.0	3.0	5115.0	7186.0	7372.0	8308.0	111.56	103.15	PASS	71.67	29.63	1.85
75db6a1a-c383-49c3-b0ab-6f10068aeb26	unmap	4294967295	2.0	3.0	4834.0	7283.0	7573.0	8563.0	94.12	101.44	PASS	71.50	25.91	4.03
7ac6ec11-e34a-4063-808b-c3ec92f01f15	unmap	4294967295	2.0	3.0	4785.0	6980.0	7240.0	8567.0	111.56	124.96	PASS	76.26	44.11	4.59
7acfc2fc-d221-4843-ad9b-ce382edfe5dd	unmap	4294967295	2.0	3.0	5510.0	8205.0	8497.0	9662.0	107.57	133.18	PASS	91.21	36.57	5.39
7c35a366-2c6a-4bba-bdff-148f6f909664	unmap	4294967295	2.0	3.0	5063.0	7108.0	7419.0	8664.0	97.16	101.06	PASS	60.94	35.13	5.00
7e170640-e3d4-401b-8e6f-333f1902d5a7	unmap	4294967295	-1.0	-1.0	-1.0	-1.0	-1.00	-1.00	-1.00	-1.00	READ_FAILED_LOAD	-1.00	-1.00	-1.00
714e3eba-bc43-4bc7-bfca-7206ce3dbbf4	unmap	4294967295	108.0	110.0	1239.0	3345.0	3586.0	4562.0	107.57	103.57	PASS	70.18	29.82	3.57
7ac1acb4-ce2a-48b0-ac5a-0fcbc5ad0586	unmap	4294967295	2.0	265.0	3374.0	3427.0	3431.0	3556.0	120.48	0.00	PASS	0.00	0.00	0.00
7da0372f-de0c-4f88-8fac-15794cb8cbde	unmap	4294967295	2.0	3.0	8297.0	10758.0	10966.0	12071.0	120.48	135.84	ADAPTER	93.40	39.16	3.28
7dca229b-6aee-416f-bfff-16a10187b5de	unmap	4294967295	2.0	3.0	7856.0	10943.0	11198.0	13225.0	73.46	115.88	PASS	70.27	44.41	1.20
7b11b61e-5109-4948-aaa6-ba34418a7fc9	unmap	4294967295	2.0	3.0	10796.0	10902.0	11730.0	11892.0	120.48	29.52	ADAPTER	0.00	1.44	28.08
80bd4d8e-f07f-4408-ae3b-7c69514496d6	unmap	4294967295	175.0	571.0	5146.0	7356.0	7550.0	8487.0	120.48	118.52	PASS	83.36	32.44	2.72
73d72daa-c4fb-4351-ab8c-f8cc8a1a8337	unmap	4294967295	231.0	396.0	4793.0	6761.0	6988.0	8216.0	115.85	116.54	PASS	70.65	42.19	3.69
7c6e02a6-7636-4d0c-ae61-3e93982d635c	unmap	4294967295	2.0	3.0	35953.0	41513.0	41987.0	48374.0	115.85	462.62	ADAPTER	208.81	240.62	13.19
85f5fff4-d15d-440e-996a-531606ce2a36	unmap	4294967295	104.0	262.0	6552.0	8368.0	8601.0	9667.0	97.16	85.39	PASS	53.55	29.35	2.48
7ad8695a-1556-4151-acd3-47492c5b6654	unmap	4294967295	2.0	3.0	6265.0	8979.0	9270.0	10520.0	94.12	117.87	PASS	79.78	34.03	4.06
7f9a6e63-c9a5-497b-93d5-6daf8bf51983	unmap	4294967295	-1.0	-1.0	-1.0	-1.0	-1.00	-1.00	-1.00	-1.00	READ_FAILED_LOAD	-1.00	-1.00	-1.00
6b5a1259-9d39-4f7b-9cad-16fd18f07502	unmap	4294967295	2.0	3.0	4006.0	6557.0	6895.0	7681.0	130.96	144.65	PASS	105.87	29.13	9.65
80e438c7-b8e6-4bb2-9598-4cc85582a468	unmap	4294967295	2.0	3.0	8065.0	9918.0	10147.0	11018.0	103.86	86.72	PASS	58.86	25.00	2.86
86968ca1-18bf-4ae0-bad0-9e08751a7b7a	unmap	4294967295	3.0	4.0	6392.0	8354.0	8515.0	9914.0	103.86	106.34	PASS	62.62	43.21	0.52
835258b9-fc58-49ec-a900-1efb837c773d	unmap	4294967295	3.0	4.0	7470.0	9193.0	9463.0	10069.0	115.85	84.85	PASS	61.23	18.27	5.35
82b52999-b7de-4b35-9cd4-b0b635f9bb60	unmap	4294967295	2.0	3.0	7711.0	11006.0	11278.0	13306.0	79.26	132.16	PASS	81.68	48.34	2.13
83fb9127-cd2c-4ef7-8c01-78c8ffcccd73	unmap	4294967295	251.0	476.0	5374.0	7237.0	7446.0	8499.0	120.48	109.88	PASS	69.48	37.08	3.32
85efb886-6d1a-404a-a35d-c78b348db19c	unmap	4294967295	189.0	454.0	6731.0	9375.0	9648.0	11087.0	103.86	135.10	PASS	86.14	44.59	4.38
6b1ca8a6-2739-4dd6-816b-435122343bde	unmap	4294967295	2.0	3.0	5554.0	7571.0	7802.0	9095.0	97.16	99.13	PASS	60.03	36.68	2.42
7b223557-b2cb-40f8-b8d8-011b4d2128d3	unmap	4294967295	2.0	3.0	5032.0	6786.0	7038.0	7892.0	103.86	83.52	PASS	55.45	24.41	3.66
88942b12-5944-49d3-aa8f-65790b1c0f0e	unmap	4294967295	2.0	6.0	5503.0	5605.0	5698.0	5806.0	120.48	0.00	PASS	0.00	0.00	0.00
7006d81a-4bee-44cd-a36e-bc6e39564dac	unmap	4294967295	2.0	3.0	5923.0	7921.0	8237.0	9095.0	100.40	90.63	PASS	61.57	23.57	5.50
78821dde-6bd8-4f5a-a5b0-34895c34c456	unmap	4294967295	188.0	354.0	6920.0	8839.0	9057.0	9952.0	97.16	82.71	PASS	56.87	23.84	2.00
7c1a62d8-de2f-43e8-8c17-e544fd30a758	unmap	4294967295	2.0	3.0	5097.0	7195.0	7420.0	8516.0	107.57	107.00	PASS	69.89	34.11	3.00
73619115-f714-40a5-a8b0-6020f9dfbb0c	unmap	4294967295	541.0	2190.0	12223.0	14394.0	14579.0	15682.0	91.27	89.73	ADAPTER	60.76	28.39	0.58
6c2652c4-a1d0-45d4-bf93-a2a51cd6dbd9	unmap	4294967295	2.0	3.0	6282.0	10656.0	11033.0	13427.0	71.71	155.05	PASS	99.12	51.98	3.95
7c06a1e3-c23a-4ddc-bc89-88f1141415b7	unmap	4294967295	2.0	3.0	3914.0	5970.0	6143.0	6980.0	111.56	98.44	PASS	71.11	25.96	1.37
777e4044-6387-42c6-9291-fd145a0a9711	unmap	4294967295	2.0	3.0	5696.0	7633.0	7972.0	9369.0	111.56	120.93	PASS	66.70	46.70	7.52
74c44f84-c57e-4fe4-a8e7-90e54c02aa95	unmap	4294967295	2.0	3.0	6297.0	8152.0	8402.0	9396.0	107.57	95.57	PASS	61.21	30.46	3.89
7f12f984-d0cf-40aa-ac23-3106dd56e439	unmap	4294967295	2.0	3.0	8559.0	10407.0	10645.0	11486.0	111.56	93.30	ADAPTER	63.41	26.11	3.78
8215f670-8715-4eef-a9f8-aab3040244b1	unmap	4294967295	20.0	252.0	310.0	406.0	6042.0	7515.0	120.48	274.28	PASS	0.00	53.88	220.40
7f9ddb19-5fc3-4b49-b6c7-ebdaa86057e8	unmap	4294967295	2.0	3.0	6861.0	8793.0	9026.0	10091.0	107.57	100.25	PASS	63.96	33.00	3.29
6e54dd32-1eb2-41f5-af33-6da823c69ff6	unmap	4294967295	2.0	3.0	6926.0	8973.0	9222.0	10250.0	97.16	92.13	PASS	61.00	28.13	3.00
85d9d27a-68b2-4135-8dfb-e9a091bc9e3d	unmap	4294967295	316.0	742.0	7617.0	9648.0	9967.0	11394.0	94.12	102.94	PASS	58.44	39.56	4.94
8a1d665a-6a24-4270-987c-e6b22766f9f6	unmap	4294967295	-1.0	-1.0	-1.0	-1.0	-1.00	-1.00	-1.00	-1.00	READ_FAILED_LOAD	-1.00	-1.00	-1.00
87427660-2e0e-434a-a833-94d37d622283	unmap	4294967295	3.0	4.0	5120.0	6643.0	6916.0	7751.0	115.85	86.08	PASS	53.54	27.08	5.46
807014fd-551a-44d9-91f7-066d7d28c32f	unmap	4294967295	1342.0	4673.0	12013.0	15386.0	15736.0	18294.0	70.05	131.00	PASS	73.42	54.47	3.12
8705048c-0751-4e90-9aac-34ecff1e3a8b	unmap	4294967295	2.0	3.0	5430.0	7630.0	7894.0	9064.0	111.56	119.48	PASS	76.44	38.30	4.74
845f89f8-10b9-40f7-801e-07577db6678e	unmap	4294967295	3.0	4.0	4941.0	7021.0	7239.0	8331.0	125.50	126.12	PASS	81.62	40.46	4.04
8c6dc7fd-accb-4896-9fac-ec3b3889cf2b	unmap	4294967295	2.0	3.0	5780.0	7669.0	7858.0	9261.0	111.56	113.81	PASS	64.93	46.93	1.96
87fca1aa-f7fd-44ac-9dc2-2a2d4c644370	unmap	4294967295	2.0	3.0	6127.0	7888.0	8109.0	9198.0	107.57	94.57	PASS	57.86	33.86	2.86
828a0e96-1f27-4678-926f-58fafa365dfc	unmap	4294967295	2.0	3.0	3559.0	4883.0	5051.0	5922.0	125.50	83.33	PASS	50.12	31.25	1.96
8a3112d8-8c6c-4156-9e03-943d12ef7c10	unmap	4294967295	2.0	3.0	3869.0	5851.0	6050.0	6811.0	103.86	86.34	PASS	63.31	21.21	1.83
8ce442a6-5ca8-4586-abc1-813098278532	unmap	4294967295	2.0	3.0	6085.0	7722.0	7926.0	8723.0	120.48	90.40	PASS	60.44	26.84	3.12
8488d377-1e30-45ee-814c-9d575c5dc7da	unmap	4294967295	2.0	3.0	7079.0	9053.0	9278.0	10334.0	97.16	89.90	PASS	58.65	29.03	2.23
8c59832c-a489-456a-bbd9-10fa40a36d56	unmap	4294967295	2.0	3.0	3661.0	5716.0	5901.0	7269.0	120.48	129.20	PASS	77.16	49.68	2.36
8490d411-82f9-4e33-9f8d-27ec378b1c6f	unmap	4294967295	2.0	3.0	5339.0	7565.0	7837.0	8730.0	111.56	110.48	PASS	77.41	28.04	5.04
8d324f9f-66c4-4572-8855-fa5194aac559	unmap	4294967295	90.0	520.0	7503.0	11350.0	11886.0	14143.0	83.67	169.36	PASS	101.83	57.67	9.86
8acd0f68-75fb-4adc-8c11-6bc09b733bc0	unmap	4294967295	2.0	3.0	7372.0	9335.0	9611.0	10650.0	91.27	84.24	PASS	54.45	26.45	3.33
8fab239b-9eb4-45c5-a4a5-d0d5804eb13e	unmap	4294967295	2.0	3.0	8686.0	10610.0	10792.0	11845.0	103.86	93.83	PASS	61.31	31.28	1.24
9093fc4b-e0b9-49cf-8ec1-db23b236741e	unmap	4294967295	2.0	3.0	7543.0	9486.0	9794.0	10750.0	107.57	99.43	PASS	64.36	29.11	5.96
91a930b0-31d4-4f5c-8b80-b6a0f16cb400	unmap	4294967295	2.0	3.0	8412.0	10344.0	10616.0	11701.0	94.12	87.69	PASS	55.34	28.87	3.47
8f183f9a-2947-4717-b958-e519bf2fa56c	unmap	4294967295	2.0	3.0	6087.0	8146.0	8368.0	9321.0	107.57	100.39	PASS	68.50	29.00	2.89
90ce0f06-60a1-46d8-bb10-365d32e1d57f	unmap	4294967295	2.0	3.0	4424.0	6456.0	6692.0	7704.0	130.96	127.48	PASS	83.30	38.96	5.22
8e641ee6-b14f-4d03-bf88-c21028db318c	unmap	4294967295	2.0	3.0	4615.0	6606.0	6851.0	8105.0	130.96	136.61	PASS	81.52	49.48	5.61
8e960366-46c4-4a12-aed9-45e32620162c	unmap	4294967295	2.0	3.0	3703.0	5852.0	6083.0	7555.0	115.85	133.04	PASS	77.62	51.58	3.85
96c7f192-19b8-4a4e-ab89-6f138921519e	unmap	4294967295	2.0	3.0	5775.0	8175.0	8378.0	9640.0	115.85	133.54	PASS	87.27	43.50	2.77
9303bf36-d866-4edd-ade0-57201ef59c86	unmap	4294967295	2.0	3.0	5569.0	8693.0	9027.0	10038.0	97.16	129.06	PASS	95.74	27.58	5.74
904b3f0e-ff06-484c-a566-8691bf93b4d0	unmap	4294967295	2.0	3.0	5589.0	7808.0	8044.0	9285.0	125.50	138.87	PASS	87.42	46.67	4.79
94dd54ca-9049-4760-bd8f-14845e63926e	unmap	4294967295	2.0	3.0	5757.0	7690.0	7933.0	8937.0	100.40	90.90	PASS	59.40	28.43	3.07
9197d637-d275-4992-8b29-9eb3abe7c55b	unmap	4294967295	2.0	3.0	3760.0	5839.0	6131.0	7043.0	120.48	116.20	PASS	78.12	31.44	6.64
9f0cb3cf-bafd-4a00-a6d6-606f73c11b1f	unmap	4294967295	2.0	3.0	5302.0	7017.0	7295.0	8445.0	120.48	110.60	PASS	63.56	40.96	6.08
966fec4d-17b6-4ba2-928d-f7c7d7d011d9	unmap	4294967295	2.0	3.0	4267.0	7249.0	7617.0	9811.0	88.59	147.97	PASS	82.68	59.50	5.79
93a0a78d-a4ad-4b17-82c3-fa54f7beb80b	unmap	4294967295	2.0	3.0	5089.0	6832.0	7132.0	8347.0	111.56	105.56	PASS	59.52	39.96	6.07
92ac8161-2d97-428e-bfff-026536a60a36	unmap	4294967295	2.0	3.0	7056.0	9069.0	9412.0	10773.0	107.57	117.64	PASS	66.86	43.57	7.21
9fbe6b88-67cf-4d05-a5b2-a805bb81c0f9	unmap	4294967295	291.0	496.0	6314.0	8314.0	8462.0	9557.0	100.40	93.10	PASS	61.63	31.47	0.00
9a3a395c-a736-4747-b3ba-d49c6b4e6048	unmap	4294967295	2.0	3.0	6127.0	8182.0	8348.0	9331.0	115.85	108.12	PASS	74.00	32.77	1.35
9f1d478c-436c-43ee-bdf6-7284ef4382b6	unmap	4294967295	397.0	802.0	7457.0	9744.0	9962.0	11112.0	97.16	102.81	PASS	68.74	32.06	2.00
a21085fe-4e8b-4471-b3e7-3c5f86ef5aab	unmap	4294967295	2.0	3.0	4341.0	6390.0	6654.0	8435.0	130.96	162.87	PASS	84.04	72.39	6.43
9af530c9-adb2-4da8-af1b-4069a7160ab6	unmap	4294967295	2.0	3.0	6597.0	9329.0	9499.0	11344.0	107.57	154.43	PASS	92.54	60.86	1.04
9c7dcfb8-b91b-4446-a099-b39732ba94d5	unmap	4294967295	2.0	3.0	5655.0	7438.0	7657.0	8381.0	125.50	98.46	PASS	69.25	25.12	4.08
9f7c3ee2-a0e4-416b-af5f-c592f6f875ae	unmap	4294967295	266.0	711.0	6447.0	8283.0	8480.0	9328.0	107.57	87.79	PASS	60.54	25.25	2.00
91ea5f87-8ada-46ec-b70a-feef6c4d24d2	unmap	4294967295	2.0	3.0	4916.0	6878.0	7091.0	7901.0	115.85	99.69	PASS	70.42	26.12	3.15
9741d19d-510c-44c2-a0df-ef7eb31ba11f	unmap	4294967295	2.0	3.0	3696.0	5868.0	6084.0	7234.0	120.48	126.40	PASS	81.84	40.96	3.60
a00d6079-412c-4b5b-92a7-64e90ed93efb	unmap	4294967295	2.0	3.0	7418.0	9147.0	9337.0	10488.0	107.57	94.54	PASS	56.71	36.07	1.75
a20bc9c0-6df0-44c7-88f7-b0396a5fca16	unmap	4294967295	2.0	3.0	5282.0	7319.0	7621.0	9113.0	120.48	138.12	PASS	76.44	54.64	7.04
a4c29e69-13f6-49a0-b2df-85501ba48c1b	unmap	4294967295	2.0	3.0	6678.0	8831.0	9026.0	9891.0	107.57	99.64	PASS	71.86	25.86	1.93
a8484f76-3810-4331-98c8-b571cd8742e3	unmap	4294967295	-1.0	-1.0	-1.0	-1.0	-1.00	-1.00	-1.00	-1.00	READ_FAILED_LOAD	-1.00	-1.00	-1.00
a493ac62-13c3-4959-b02a-bd6969e71b0c	unmap	4294967295	63.0	393.0	4882.0	6876.0	7070.0	8100.0	111.56	104.07	PASS	68.81	33.11	2.15
a31f5c05-953b-451f-a6ef-6890fe9bae6e	unmap	4294967295	2.0	3.0	10959.0	12989.0	13234.0	14304.0	97.16	92.81	ADAPTER	60.45	29.48	2.87
a37e4043-2810-4dc3-a9bd-a468cc67d5f6	unmap	4294967295	2.0	3.0	6898.0	9070.0	9263.0	10455.0	103.86	107.55	PASS	69.86	36.07	1.62
ab5caf52-de4e-4c55-a348-38061c57a78b	unmap	4294967295	-1.0	-1.0	-1.0	-1.0	-1.00	-1.00	-1.00	-1.00	READ_FAILED_LOAD	-1.00	-1.00	-1.00
a54409ed-684f-433b-9b36-0b79c8c854eb	unmap	4294967295	2.0	3.0	3886.0	5689.0	5981.0	6816.0	125.50	106.96	PASS	70.08	29.75	7.12
ac7d3c18-4a04-40f7-979a-a91b64e043d4	unmap	4294967295	2.0	3.0	4954.0	7130.0	7311.0	8281.0	111.56	108.11	PASS	75.56	30.89	1.67
a2875cc1-fcee-450b-9dca-e3baeafa8da0	unmap	4294967295	2.0	3.0	4954.0	7219.0	7502.0	8456.0	120.48	124.96	PASS	85.56	33.12	6.28
aae42c62-e0d8-434e-8938-3427246f58fc	unmap	4294967295	2.0	3.0	3846.0	5884.0	6219.0	7383.0	111.56	115.89	PASS	70.44	38.07	7.37
a89e7ed4-f804-4924-a8d2-50a3e83a9937	unmap	4294967295	2.0	3.0	5333.0	7325.0	7622.0	8752.0	120.48	121.64	PASS	74.64	40.16	6.84
a504321c-a97d-4900-b1e7-81d69f4a0c9d	unmap	4294967295	2.0	3.0	6269.0	7781.0	7989.0	8775.0	120.48	85.12	PASS	55.44	26.40	3.28
ad4ac7b7-129d-4507-bc5e-c4da4adf73b9	unmap	4294967295	2.0	3.0	7222.0	9150.0	9392.0	10301.0	97.16	84.23	PASS	57.16	24.29	2.77
ae08f323-672c-4947-ad26-58d8813e508c	unmap	4294967295	115.0	303.0	4984.0	6914.0	7174.0	8051.0	120.48	107.56	PASS	72.16	30.04	5.36
b1cdb638-2a0e-4408-8120-35438d481b43	unmap	4294967295	2.0	3.0	3106.0	3122.0	3133.0	3158.0	103.86	0.00	PASS	0.00	0.00	0.00
aafc2802-af3c-472c-9edb-bbfcea6c10d0	unmap	4294967295	2.0	3.0	7511.0	9740.0	10002.0	11065.0	107.57	111.82	PASS	74.57	32.93	4.32
a089dc5c-852f-457f-8ac7-884784f19774	unmap	4294967295	2.0	3.0	4172.0	5835.0	6051.0	7113.0	125.50	107.42	PASS	64.25	39.21	3.96
b28faee6-6512-4517-b67f-34016743b56c	unmap	4294967295	2.0	3.0	5063.0	5917.0	6236.0	7355.0	120.48	76.56	PASS	29.12	39.72	7.72
afdd2e47-74f1-410b-88a3-fa0e24ef1bdc	unmap	4294967295	2.0	3.0	4159.0	6137.0	6400.0	7422.0	100.40	93.67	PASS	60.90	29.03	3.73
b0b53cd5-abe9-4252-a5cf-fa6dfe870083	unmap	4294967295	2.0	3.0	2601.0	8033.0	14084.0	16307.0	100.40	441.77	PASS	176.03	69.07	196.67
ae1f8189-499d-4d6c-8af3-3c9fbd82220e	unmap	4294967295	287.0	717.0	10256.0	13487.0	13891.0	16330.0	66.93	119.91	PASS	66.78	49.18	3.96
ae06c541-0e14-480c-bc1a-d591e9cc0ee2	unmap	4294967295	2.0	3.0	9315.0	11586.0	11822.0	12953.0	103.86	110.34	ADAPTER	73.28	33.97	3.10
b26f5f24-edd2-42f6-92ab-959a7e8f48ed	unmap	4294967295	-1.0	-1.0	-1.0	-1.0	-1.00	-1.00	-1.00	-1.00	READ_FAILED_LOAD	-1.00	-1.00	-1.00
b442e324-c77e-47f5-97ec-88623838b7e7	unmap	4294967295	2.0	3.0	4083.0	6313.0	6500.0	7676.0	115.85	123.08	PASS	80.73	40.19	2.15
b8e629ce-b910-4218-8716-be9c5b9f0162	unmap	4294967295	381.0	685.0	7421.0	9284.0	9552.0	10801.0	86.06	81.49	PASS	48.20	30.66	2.63
b6db745e-ab2f-4799-a5ee-06ba38bbaf8f	unmap	4294967295	2.0	3.0	5878.0	8100.0	8331.0	9488.0	120.48	129.28	PASS	83.84	41.24	4.20
aa6aa590-2cfe-43e7-92c0-aaee9dabbe6d	unmap	4294967295	2.0	3.0	4681.0	6562.0	6809.0	8248.0	111.56	117.00	PASS	64.63	48.26	4.11
b392a663-4ed8-4731-bdb8-d313a6df3f40	unmap	4294967295	2.0	3.0	4005.0	6133.0	6338.0	7307.0	115.85	111.88	PASS	76.81	32.23	2.85
b474ce41-c48c-4632-a89c-0de2ffd4432a	unmap	4294967295	2.0	3.0	7237.0	10142.0	10354.0	11387.0	120.48	150.88	PASS	111.16	36.28	3.44
c1000064-e8d0-4051-9462-fdb394a251c0	unmap	4294967295	2.0	3.0	6954.0	9373.0	9662.0	10936.0	83.67	95.53	PASS	62.17	30.36	3.00
bfa55dc1-817d-4b9c-b9b5-5e9f507a6978	unmap	4294967295	2.0	3.0	7615.0	9659.0	9885.0	10913.0	100.40	94.83	PASS	63.10	29.23	2.50
c23ed1f9-e964-4b1a-9a15-5e4eab38d986	unmap	4294967295	2.0	3.0	5506.0	8174.0	8344.0	9751.0	97.16	121.84	PASS	81.03	40.35	0.45
ab92f71c-4385-4889-9afd-235fecbdb70b	unmap	4294967295	2.0	3.0	9197.0	11118.0	11335.0	12543.0	97.16	92.84	PASS	56.94	33.94	1.97
be12577b-b6d8-4254-8098-5975968ecaab	unmap	4294967295	-1.0	-1.0	-1.0	-1.0	-1.00	-1.00	-1.00	-1.00	READ_FAILED_LOAD	-1.00	-1.00	-1.00
bc189a0d-ba57-4989-98cb-0ce924793114	unmap	4294967295	252.0	577.0	6651.0	8808.0	9025.0	9877.0	103.86	96.14	PASS	69.34	24.34	2.45
b57e68fa-3b75-4650-80b9-8e3a440635ff	unmap	4294967295	2.0	3.0	5134.0	7212.0	7449.0	8400.0	107.57	101.54	PASS	69.18	28.93	3.43
c387dda0-fd1c-468d-ae2e-382a2b14bc7e	unmap	4294967295	2.0	3.0	6751.0	8890.0	9038.0	10031.0	100.40	94.33	PASS	66.27	28.07	0.00
c056cdef-a1f5-435c-8eac-263c6e819171	unmap	4294967295	2.0	3.0	6756.0	8881.0	9086.0	10182.0	100.40	99.10	PASS	65.80	31.50	1.80
c323dc8b-c2af-423f-8f10-64043922286b	unmap	4294967295	2.0	3.0	9507.0	11757.0	12007.0	13279.0	100.40	110.63	ADAPTER	69.97	37.37	3.30
c6477326-19bb-4433-9bf3-f876f4951658	unmap	4294967295	2.0	3.0	5632.0	7386.0	7617.0	8672.0	115.85	101.81	PASS	62.42	35.54	3.85
c9bbf24a-b299-44a2-8a94-8ab0c40a72c9	unmap	4294967295	2.0	3.0	4579.0	6361.0	6541.0	7293.0	115.85	89.27	PASS	63.50	23.88	1.88
c834b5bc-35af-4433-808a-e92421e9e1f2	unmap	4294967295	2.0	3.0	8532.0	10634.0	10876.0	12086.0	120.48	127.04	ADAPTER	79.04	43.36	4.64
c3130f5d-6ed2-47ce-9659-03b005b1acba	unmap	4294967295	2.0	3.0	6214.0	8587.0	8792.0	9997.0	103.86	115.34	PASS	76.79	36.52	2.03
c5102b41-4eec-4804-a438-41dfb60e0e60	unmap	4294967295	2.0	3.0	9354.0	11416.0	11634.0	12675.0	97.16	92.03	ADAPTER	61.48	28.55	2.00
c812a8bc-9636-4809-9f79-69d3b798dd03	unmap	4294967295	2.0	3.0	5560.0	6371.0	6564.0	7545.0	107.57	55.79	PASS	23.93	30.00	1.86
cb304285-9e0f-4968-9251-19081abcc360	unmap	4294967295	2.0	3.0	5417.0	7356.0	7561.0	8340.0	111.56	93.15	PASS	66.78	23.81	2.56
c7db1678-9ed9-42ee-b4e7-d6542c7270e1	unmap	4294967295	218.0	546.0	6305.0	8064.0	8317.0	9143.0	100.40	79.50	PASS	53.60	22.50	3.40
c2bf1e2d-3286-4992-a263-672d854695f0	unmap	4294967295	2.0	3.0	5269.0	7418.0	7633.0	8646.0	94.12	90.44	PASS	62.12	26.62	1.69
ca9fbfaf-dea6-4f69-9f3f-56db87fa2c56	unmap	4294967295	2.0	3.0	4460.0	6269.0	6504.0	7329.0	103.86	83.83	PASS	57.34	23.41	3.07
caeaf838-66ff-4e6c-8201-24f256616782	unmap	4294967295	6.0	64.0	2752.0	2753.0	3009.0	3183.0	103.86	4.76	NOREGION	0.00	0.97	3.79
cb78ff7d-96f0-4517-9d74-ad2ebd06c7bd	unmap	4294967295	2.0	3.0	4570.0	6392.0	6651.0	7702.0	120.48	110.16	PASS	67.84	37.00	5.32
cb68985b-5b39-40c4-88a9-ec364d915d69	unmap	4294967295	2.0	3.0	5373.0	7290.0	7518.0	8606.0	115.85	109.23	PASS	68.69	36.81	3.73
cd79b0b5-05df-48fe-80ad-b07abb05806e	unmap	4294967295	2.0	3.0	4490.0	7858.0	8112.0	9504.0	115.85	177.73	PASS	124.50	48.50	4.73
b46a6f57-6612-4e59-94fc-4930ffaa72db	unmap	4294967295	2.0	3.0	11164.0	16681.0	17243.0	19553.0	65.48	167.30	PASS	114.91	45.20	7.20
cb34e2f4-05d6-4f64-81d7-46db90bebbc7	unmap	4294967295	2.0	28.0	3663.0	5665.0	5897.0	6900.0	107.57	100.50	PASS	66.46	30.79	3.25
cc050c37-85b4-440b-8471-e38fff4bc6e9	unmap	4294967295	2.0	3.0	7437.0	9091.0	9243.0	10316.0	103.86	84.17	PASS	52.00	31.97	0.21
c322bf2c-95f4-4498-8448-319bacaf0df4	unmap	4294967295	2.0	3.0	5438.0	7493.0	7663.0	9204.0	103.86	114.76	PASS	65.83	48.10	0.83
c5ebc5b0-7023-47b6-a28e-fd3e8880d348	unmap	4294967295	2.0	3.0	6375.0	8502.0	8783.0	9839.0	100.40	100.37	PASS	65.87	30.17	4.33
cbcd684d-a82d-43d0-9ac9-4166537b465b	unmap	4294967295	2.0	4.0	7.0	8.0	1948.0	2243.0	111.56	72.70	NOREGION	0.00	5.89	66.81
cda3b7b7-60a0-49a2-ac66-61b32e76da27	unmap	4294967295	2.0	3.0	6848.0	9182.0	9512.0	10631.0	86.06	93.00	PASS	61.66	26.94	4.40
cf1788a2-6342-48d7-9073-ab6c0bfa789d	unmap	4294967295	2.0	3.0	7374.0	9422.0	9731.0	10741.0	100.40	97.13	PASS	63.23	28.63	5.27
cdfe6936-63e0-43e0-b010-fd4f86a8e1e7	unmap	4294967295	2.0	3.0	5285.0	6961.0	7218.0	7834.0	125.50	91.08	PASS	64.79	20.62	5.67
cf12cf17-2658-4120-8894-49a2afc67012	unmap	4294967295	2.0	3.0	5262.0	7847.0	8039.0	9031.0	103.86	114.86	PASS	84.10	29.17	1.59
cf1eed58-63c7-47f8-8046-f5baf1b545ed	unmap	4294967295	2.0	3.0	3272.0	5134.0	5330.0	6203.0	130.96	112.30	PASS	75.91	32.91	3.48
ce1d9dff-d8f2-4d49-a243-1cca8e6fc53f	unmap	4294967295	2.0	3.0	5373.0	7352.0	7626.0	8788.0	120.48	121.48	PASS	74.12	41.44	5.92
ce651228-99fb-48c6-ae06-18cd8214cac4	unmap	4294967295	2.0	3.0	4208.0	6459.0	6799.0	7896.0	120.48	132.40	PASS	85.00	38.84	8.56
d0501e7b-9338-4c5a-a291-6080db8d6ab1	unmap	4294967295	2.0	3.0	3733.0	5628.0	5999.0	7253.0	115.85	120.27	PASS	67.85	43.19	9.23
d4651e2e-6412-4ced-98fa-295466edde21	unmap	4294967295	-1.0	-1.0	-1.0	-1.0	-1.00	-1.00	-1.00	-1.00	READ_FAILED_LOAD	-1.00	-1.00	-1.00
cd313878-69c0-4900-a9f9-da0fadde2a4e	unmap	4294967295	2.0	3.0	7666.0	9883.0	10112.0	11487.0	111.56	126.41	PASS	77.07	45.89	3.44
d2dbf495-0f70-4e7f-baff-9347fa97b883	unmap	4294967295	2.0	3.0	6294.0	8063.0	8247.0	9162.0	115.85	95.19	PASS	63.00	30.15	2.04
d3e064cd-f4f4-4e47-85c2-b34a8706820c	unmap	4294967295	2.0	3.0	8792.0	11277.0	11534.0	12944.0	100.40	123.30	PASS	77.80	41.97	3.53
d48dc44b-ea13-46bf-9620-ba374f7e0cdc	unmap	4294967295	-1.0	-1.0	-1.0	-1.0	-1.00	-1.00	-1.00	-1.00	READ_FAILED_LOAD	-1.00	-1.00	-1.00
ceecf0f8-d4ad-4fab-b03b-8320d04fc5ea	unmap	4294967295	534.0	1088.0	11179.0	14090.0	14506.0	17530.0	65.48	123.00	PASS	58.26	60.72	4.02
d9ccbadc-ad96-43e4-b6c8-c3656322a6b0	unmap	4294967295	-1.0	-1.0	-1.0	-1.0	-1.00	-1.00	-1.00	-1.00	READ_FAILED_LOAD	-1.00	-1.00	-1.00
d9e3ee3e-3d67-47b9-ac38-5812bd6924b5	unmap	4294967295	-1.0	-1.0	-1.0	-1.0	-1.00	-1.00	-1.00	-1.00	READ_FAILED_LOAD	-1.00	-1.00	-1.00
cf5fb920-0cf2-4329-8fa3-ddf5a8385010	unmap	4294967295	2.0	3.0	6204.0	8165.0	8394.0	9710.0	111.56	114.74	PASS	67.59	43.70	3.44
d4bebd6e-1723-4c6f-b146-a0b16c2b6b47	unmap	4294967295	2.0	3.0	6562.0	8569.0	8812.0	9683.0	107.57	96.36	PASS	66.64	26.07	3.64
d317a0c1-3825-44f7-b18e-391287710004	unmap	4294967295	2.0	3.0	5734.0	7658.0	7938.0	8966.0	111.56	104.59	PASS	66.22	33.04	5.33
d74d48d7-62d0-4228-84a0-edaf4b692dd1	unmap	4294967295	2.0	3.0	6509.0	8414.0	8828.0	10059.0	125.50	132.79	PASS	74.33	46.25	12.21
d4eb96c1-4582-4a15-883a-861f905bf874	unmap	4294967295	2.0	3.0	6462.0	8164.0	8363.0	9231.0	115.85	91.38	PASS	60.42	28.35	2.62
da49ddf9-92eb-4ec6-af29-7d20697942fc	unmap	4294967295	2.0	3.0	6826.0	9408.0	9698.0	10678.0	107.57	122.46	PASS	87.18	29.96	5.32
d9faf70d-0e85-4eac-ba41-c0b883014022	unmap	4294967295	2.0	3.0	4767.0	6787.0	6941.0	7897.0	115.85	105.27	PASS	72.65	31.73	0.88
d63d9d94-7efb-4135-a558-332abcc2bb15	unmap	4294967295	668.0	1269.0	6632.0	8262.0	8526.0	9543.0	107.57	88.86	PASS	53.18	31.29	4.39
d2f14647-7ba5-447a-b246-7e2aece9f5a9	unmap	4294967295	2.0	3.0	3932.0	6601.0	6764.0	7904.0	125.50	150.37	PASS	106.17	42.46	1.75
d97b9bb7-5507-4bb6-87b3-96387b50c71b	unmap	4294967295	2.0	3.0	7189.0	9325.0	9534.0	10676.0	111.56	114.04	PASS	74.07	37.26	2.70
db835070-9333-4af0-9ddb-ef0d705aef43	unmap	4294967295	-1.0	-1.0	-1.0	-1.0	-1.00	-1.00	-1.00	-1.00	READ_FAILED_LOAD	-1.00	-1.00	-1.00
db592988-73dc-44dd-9415-1cb777e7cb47	unmap	4294967295	2.0	3.0	4106.0	6088.0	6315.0	7377.0	111.56	106.04	PASS	68.37	34.30	3.37
defd8bad-28c4-4f80-ae72-61cc3a41cea5	unmap	4294967295	-1.0	-1.0	-1.0	-1.0	-1.00	-1.00	-1.00	-1.00	READ_FAILED_LOAD	-1.00	-1.00	-1.00
dfa5cc03-4720-4fef-b17d-d458f0ad3d52	unmap	4294967295	-1.0	-1.0	-1.0	-1.0	-1.00	-1.00	-1.00	-1.00	READ_FAILED_LOAD	-1.00	-1.00	-1.00
dc4390c8-c918-4aaa-9a2a-cc67e90b49c2	unmap	4294967295	2.0	3.0	4230.0	6559.0	6744.0	7943.0	111.56	122.41	PASS	81.22	39.37	1.81
dba7908e-cb0c-4673-a923-bcb1d0d5b7e7	unmap	4294967295	2.0	3.0	7859.0	9549.0	9750.0	10807.0	97.16	80.00	PASS	49.48	29.06	1.45
dafeeb2b-8710-4ddf-8d8a-8c63226c5bae	unmap	4294967295	2.0	3.0	10025.0	11807.0	11954.0	12929.0	103.86	85.03	ADAPTER	56.41	28.59	0.03
da787e95-151e-4e24-9def-0688c0918b0a	unmap	4294967295	2.0	3.0	2944.0	2945.0	2946.0	3013.0	115.85	0.00	NOREGION	0.00	0.00	0.00
df734a03-a5d8-4794-ba2d-e4c77400cef8	unmap	4294967295	2.0	3.0	7967.0	9961.0	10212.0	11007.0	103.86	89.72	PASS	63.72	22.38	3.62
daf9f91a-ceaa-499f-a62a-9f4cbc7dfce6	unmap	4294967295	2.0	3.0	5668.0	7380.0	7598.0	8345.0	111.56	84.04	PASS	58.37	22.63	3.04
e13e7e2c-684b-4bd5-8dd7-ef351de74d96	unmap	4294967295	2.0	3.0	3908.0	6406.0	6644.0	7800.0	107.57	123.89	PASS	84.18	36.25	3.46
df3f5778-1676-4702-851b-af2569d722eb	unmap	4294967295	2.0	3.0	4763.0	5390.0	5672.0	6671.0	120.48	61.20	PASS	20.04	34.92	6.24
e01f5de1-bc10-418a-b6ee-8f2f73af9608	unmap	4294967295	-1.0	-1.0	-1.0	-1.0	-1.00	-1.00	-1.00	-1.00	READ_FAILED_LOAD	-1.00	-1.00	-1.00
ddd88a89-616e-4d5f-868a-1951e2c4f7b6	unmap	4294967295	2.0	3.0	9697.0	11999.0	61299.0	68684.0	94.12	1828.25	ADAPTER	66.91	225.75	1535.59
e1ab1cff-a243-4727-8ad8-cf4e4cf2a944	unmap	4294967295	2.0	3.0	4641.0	6362.0	6589.0	7777.0	111.56	101.04	PASS	58.70	38.96	3.37
e1dd29fd-a3aa-429b-b20e-1d13b9ec13f2	unmap	4294967295	2.0	3.0	7441.0	9780.0	9989.0	11036.0	103.86	108.86	PASS	75.62	31.07	2.17
e4921db1-1798-4fa6-98c3-397070ba685a	unmap	4294967295	2.0	3.0	3574.0	5417.0	5541.0	6565.0	130.96	114.91	PASS	75.09	39.48	0.35
e4853425-9213-43c0-aba8-13d03f593a83	unmap	4294967295	2.0	3.0	5410.0	7224.0	7475.0	8348.0	115.85	97.88	PASS	64.73	28.54	4.62
e420a4a5-fab7-4341-81c1-7a56c0231087	unmap	4294967295	425.0	1084.0	9719.0	15382.0	16204.0	18892.0	68.45	193.41	PASS	123.68	56.07	13.66
e5a33d14-4256-4310-8191-363f0fd52dfc	unmap	4294967295	-1.0	-1.0	-1.0	-1.0	-1.00	-1.00	-1.00	-1.00	READ_FAILED_LOAD	-1.00	-1.00	-1.00
ebd026fd-041f-4dae-b695-8b913c2002b9	unmap	4294967295	244.0	571.0	7852.0	9598.0	9880.0	10799.0	111.56	94.04	PASS	59.63	29.00	5.41
e7c21220-0d66-4e1c-ad02-fc98c14e6d9e	unmap	4294967295	-1.0	-1.0	-1.0	-1.0	-1.00	-1.00	-1.00	-1.00	READ_FAILED_LOAD	-1.00	-1.00	-1.00
e66e1704-f32d-4ee7-bfb4-9a4df05e88e3	unmap	4294967295	2.0	3.0	6089.0	8052.0	8253.0	9191.0	111.56	99.78	PASS	67.67	29.70	2.41
e3020390-793f-4858-a4e2-a38285416c46	unmap	4294967295	2.0	3.0	7141.0	8888.0	9016.0	10127.0	107.57	92.00	PASS	57.36	34.64	0.00
e77442f4-dd0f-48c4-bbc7-26334209a799	unmap	4294967295	2.0	3.0	9067.0	11070.0	11323.0	12195.0	86.06	74.29	PASS	52.20	19.89	2.20
ebb17ecd-0eb8-4eba-a76d-d1e6f1447469	unmap	4294967295	2.0	3.0	5456.0	8170.0	8409.0	9809.0	97.16	125.32	PASS	82.52	40.13	2.68
ec6db46b-ed3a-48c6-9e6d-6443dc7048ed	unmap	4294967295	2.0	3.0	3873.0	5886.0	6124.0	6994.0	125.50	114.92	PASS	78.83	31.21	4.87
e881c7e4-b88a-4e90-93c6-de1e9ef82de7	unmap	4294967295	2.0	3.0	3835.0	6384.0	6566.0	7678.0	120.48	138.60	PASS	96.92	39.44	2.24
ee5429cb-d209-4d82-ae01-07a5e4009910	unmap	4294967295	2.0	3.0	3527.0	5525.0	5774.0	7004.0	103.86	104.79	PASS	63.86	37.38	3.55
f3114db6-0d49-4f3b-89db-0b7268ee3dfb	unmap	4294967295	-1.0	-1.0	-1.0	-1.0	-1.00	-1.00	-1.00	-1.00	READ_FAILED_LOAD	-1.00	-1.00	-1.00
ee2570cc-5be0-4c87-853b-a52e4a678c48	unmap	4294967295	417.0	1078.0	7526.0	9485.0	9725.0	10582.0	111.56	98.07	PASS	67.52	26.70	3.85
f122deaa-643f-49b9-8625-6c9b58cc83e8	unmap	4294967295	78.0	591.0	4926.0	6790.0	6998.0	7928.0	103.86	88.41	PASS	59.24	27.03	2.14
effbf54f-ec36-4fa7-a0d8-ec80ad72129d	unmap	4294967295	87.0	282.0	3650.0	5708.0	5881.0	7063.0	111.56	111.30	PASS	71.19	38.74	1.37
ed22aa7b-f71a-4864-9887-8f82e42219ae	unmap	4294967295	2.0	3.0	4504.0	7684.0	75786.0	86701.0	115.85	3146.31	PASS	117.27	414.77	2614.27
e03c0428-123d-4f31-90d6-b37bb3854d12	unmap	4294967295	2.0	3.0	9644.0	13089.0	13535.0	15175.0	75.30	123.20	PASS	81.10	35.97	6.12
f343d9c1-ac89-49cf-960f-88e7b316b3bf	unmap	4294967295	2.0	3.0	5921.0	7985.0	8131.0	9653.0	120.48	134.16	PASS	77.52	55.84	0.80
f3df12ba-0b6c-4d40-9e5f-36fa70ba5d62	unmap	4294967295	2.0	3.0	6181.0	7970.0	8261.0	9192.0	115.85	100.69	PASS	63.77	30.77	6.15
f3e1ac60-91c2-4402-954a-64f5ab054867	unmap	4294967295	2.0	3.0	3628.0	5762.0	6110.0	7233.0	107.57	113.64	PASS	71.18	35.07	7.39
f561a544-b6bb-4c8b-989a-4beb7de0b589	unmap	4294967295	2.0	3.0	5059.0	6974.0	7204.0	8197.0	120.48	110.40	PASS	71.56	34.68	4.16
e813a9de-5f31-4059-a14b-da52af67b2d4	unmap	4294967295	4.0	33.0	336.0	337.0	578.0	712.0	111.56	3.89	NOREGION	0.00	0.00	3.89
f2db151f-e303-4e7b-86eb-2888ae8bda18	unmap	4294967295	2.0	3.0	4615.0	7035.0	7431.0	8212.0	111.56	118.11	PASS	84.59	23.89	9.63
f411680c-9a95-47d3-b211-a4bc2cc39844	unmap	4294967295	303.0	557.0	8298.0	10299.0	10482.0	11267.0	107.57	90.93	PASS	66.43	23.00	1.50
ee9dfd90-152b-4293-b12e-a251588188fd	unmap	4294967295	2.0	3.0	5185.0	6935.0	7131.0	8127.0	100.40	82.97	PASS	53.30	28.17	1.50
f61e5425-e6cd-4cac-bd13-6dd25f955956	unmap	4294967295	226.0	534.0	7256.0	8996.0	9187.0	10159.0	100.40	81.67	PASS	52.97	27.37	1.33
f85fab0c-c1b1-4a5e-b481-302421c9d9fe	unmap	4294967295	2.0	3.0	5802.0	7911.0	8112.0	9103.0	125.50	122.42	PASS	82.83	36.25	3.33
f9a24744-6845-400c-bf65-60871708776b	unmap	4294967295	2.0	3.0	6829.0	8685.0	8834.0	9560.0	81.41	59.73	PASS	45.14	14.59	0.00
f8511d94-a3a8-48aa-bd8b-0205e5493011	unmap	4294967295	348.0	713.0	7713.0	9571.0	60900.0	72596.0	100.40	2147.67	PASS	56.90	384.83	1705.93
f73298cd-295c-4db1-9971-25771db27c4c	unmap	4294967295	2.0	61.0	547.0	548.0	553.0	589.0	111.56	0.00	NOREGION	0.00	0.00	0.00
f82befdd-4308-46c1-9676-d10916d503be	unmap	4294967295	2.0	3.0	3387.0	5342.0	5577.0	6528.0	107.57	97.07	PASS	64.79	28.93	3.36
f89cfb9f-0d1b-4034-b015-121e1273a443	unmap	4294967295	2.0	3.0	4745.0	6797.0	7059.0	7963.0	120.48	113.60	PASS	77.04	31.12	5.44
fbef6ba3-ebba-437c-aa7b-55f54d8f6e21	unmap	4294967295	2.0	3.0	7106.0	9129.0	9427.0	10486.0	91.27	87.33	PASS	56.27	27.06	4.00
fb0816c2-4fad-4e2a-9605-e09b7b733a21	unmap	4294967295	2.0	3.0	4464.0	8965.0	32682.0	40846.0	125.50	1500.79	PASS	182.50	335.12	983.17
fdda7b95-df1f-4084-8d25-e778059b63d6	unmap	4294967295	2.0	3.0	8108.0	10407.0	10733.0	11616.0	100.40	101.83	PASS	71.60	24.40	5.83
f9e9371a-4086-489d-9ae0-28474b1d0398	unmap	4294967295	220.0	468.0	5802.0	7864.0	8150.0	9097.0	103.86	98.52	PASS	66.07	27.62	4.83
fccffd96-9e1b-4bc4-8ee0-72ba9d36f900	unmap	4294967295	258.0	432.0	3838.0	3860.0	3944.0	10308.0	120.48	249.52	PASS	0.00	249.52	0.00
fdc205d6-5108-4012-bb91-575bff8d2459	unmap	4294967295	2.0	3.0	3951.0	5951.0	6218.0	7165.0	115.85	108.50	PASS	71.88	31.38	5.23
fabb3034-b540-4f57-9c95-f17f1a01419f	unmap	4294967295	2.0	3.0	6990.0	9151.0	9472.0	11099.0	120.48	149.24	PASS	81.40	60.04	7.80
fa1e7825-e82a-4d4a-92cb-6d6118e5b062	unmap	4294967295	3.0	4.0	6819.0	8909.0	9101.0	10032.0	107.57	99.64	PASS	69.61	28.21	1.82
ffedaed1-810f-42db-9ba5-966fe58ff259	unmap	4294967295	2.0	3.0	6566.0	8908.0	9129.0	11825.0	111.56	179.67	PASS	81.70	94.81	3.15
fa4bfac4-4f6e-4a1c-9f71-c8571d90c52e	unmap	4294967295	3.0	4.0	13795.0	16138.0	16481.0	18289.0	88.59	117.09	ADAPTER	63.88	48.15	5.06
fd0ff103-aa01-49c7-acbd-d8c5b481dd21	unmap	4294967295	2.0	3.0	8521.0	11158.0	11364.0	12452.0	107.57	125.29	ADAPTER	89.14	33.82	2.32
ff172120-adf7-433f-bcf7-5fa3be9d5f60	unmap	4294967295	2.0	3.0	3308.0	6756.0	7014.0	8599.0	103.86	167.34	PASS	113.86	49.62	3.86
